Zip Code,Total Students,Cuban,Mexican,Puerto Rican,Other Hispanic or Latino,Non-Hispanic or Latino,American Indian or Alaskan Native,Asian,Black or African American,Native Hawaiian or Other Pacific Islander,White,Other,I do not wish to respond – race,I do not wish to respond – ethnicity
0000 Total,1,0,0,0,1,0,0,0,0,0,1,0,0,0
01001 Total,90,0,0,5,4,80,2,9,5,1,75,0,0,1
01002 Total,106,0,1,9,9,90,5,20,9,1,86,0,0,0
01005 Total,5,0,0,0,1,4,0,0,0,0,4,0,0,0
01007 Total,98,0,1,1,1,91,6,3,8,1,86,0,0,1
01008 Total,4,0,0,0,0,4,0,0,0,0,4,0,0,0
01009 Total,5,0,0,0,1,3,0,0,0,0,4,0,0,1
01010 Total,8,0,0,1,0,7,0,1,0,0,8,0,0,0
01010 Total,13,0,0,1,0,12,0,0,1,0,13,0,0,0
01011 Total,5,0,0,0,0,5,0,0,0,0,4,0,0,0
01012 Total,5,0,0,0,0,5,0,0,0,0,5,0,0,0
01013 Total,61,0,2,14,3,43,0,5,6,3,42,0,2,0
01020 Total,92,0,0,11,3,76,1,2,6,1,77,0,3,1
01022 Total,2,0,0,1,1,0,0,0,1,0,0,0,0,0
01026 Total,5,0,0,0,0,4,0,0,0,0,4,0,0,1
01027 Total,75,1,1,4,1,69,1,10,2,0,65,0,1,0
01028 Total,108,0,0,5,3,98,2,11,9,0,86,0,0,0
01030 Total,72,0,1,3,2,64,4,2,1,1,67,0,1,1
01031 Total,1,0,0,0,0,1,0,0,0,0,1,0,0,0
01032 Total,1,0,0,0,0,1,0,0,0,0,1,0,0,0
01033 Total,55,0,0,0,1,53,0,18,0,2,37,0,1,1
01034 Total,7,0,0,1,0,5,0,0,0,1,6,0,0,0
01035 Total,33,0,0,2,0,30,0,4,0,0,28,0,1,1
01036 Total,24,0,0,1,0,23,0,1,0,0,23,0,0,0
01037 Total,1,0,0,0,0,1,0,0,0,0,1,0,0,0
01038 Total,7,0,0,0,1,6,1,1,1,0,7,0,0,0
01039 Total,1,0,0,0,0,1,0,0,0,0,1,0,0,0
01040 Total,86,0,2,33,5,45,1,4,10,2,48,0,5,2
01050 Total,6,0,0,0,1,5,0,0,0,0,6,0,0,0
01053 Total,8,0,0,0,0,8,0,0,0,0,8,0,0,0
01054 Total,8,0,0,0,0,8,0,0,0,0,7,0,1,0
01056 Total,106,0,0,2,5,94,3,0,2,0,102,0,0,1
01057 Total,39,0,0,0,0,39,4,1,0,0,36,0,0,0
01060 Total,55,0,1,4,6,43,1,8,2,1,42,0,1,0
01062 Total,52,0,1,1,3,47,1,4,1,0,48,0,0,0
01066 Total,4,0,0,0,0,4,0,1,0,0,4,0,0,0
01068 Total,3,0,0,1,1,1,0,0,0,0,2,0,0,0
01069 Total,46,0,0,1,0,45,2,4,1,0,42,0,0,0
01070 Total,3,0,0,0,0,3,0,0,0,0,3,0,0,0
01071 Total,5,0,0,0,0,5,0,0,0,0,5,0,0,0
01072 Total,7,0,0,1,0,6,0,0,2,0,7,0,0,0
01073 Total,29,0,1,0,0,26,0,1,1,0,28,0,0,1
01075 Total,82,1,0,3,1,76,1,6,2,1,75,0,2,0
01077 Total,44,0,0,2,0,38,1,1,0,0,39,0,3,1
01079 Total,1,0,0,0,0,1,0,0,0,0,1,0,0,0
01080 Total,14,0,0,3,0,11,2,1,2,0,12,0,0,0
01081 Total,5,0,0,0,0,5,0,0,0,0,5,0,0,0
01082 Total,46,0,1,1,2,40,1,1,1,0,44,0,0,1
01083 Total,2,0,0,0,0,2,0,0,0,0,2,0,0,0
01084 Total,1,0,0,0,0,1,0,0,0,0,1,0,0,0
01085 Total,185,0,2,15,5,160,3,13,10,5,154,0,2,2
01088 Total,1,0,0,0,0,1,0,0,0,0,1,0,0,0
01089 Total,133,0,2,13,10,110,1,13,8,2,101,0,2,1
01090 Total,2,0,0,0,0,2,1,0,0,0,2,0,0,0
01092 Total,1,0,0,0,0,1,0,0,0,0,1,0,0,0
01093 Total,2,0,0,0,0,2,0,0,0,0,2,0,0,0
01095 Total,152,0,1,6,4,135,5,25,8,1,114,0,4,6
01096 Total,10,0,0,1,0,9,1,0,0,0,9,0,1,0
01098 Total,1,0,0,0,0,1,0,0,1,0,0,0,0,0
01101 Total,5,0,0,2,1,2,1,1,3,2,4,0,0,0
01103 Total,1,0,0,1,0,0,0,0,0,0,0,0,1,0
01104 Total,96,1,2,56,10,28,7,4,29,4,33,0,2,1
01105 Total,24,0,1,8,4,10,1,3,10,2,2,0,1,2
01106 Total,125,0,2,5,4,112,1,12,7,0,107,0,3,5
01107 Total,42,1,5,27,3,8,4,1,11,3,10,0,0,0
01108 Total,106,3,1,29,10,62,6,18,36,3,31,0,1,1
01109 Total,88,1,2,35,6,39,4,4,41,5,21,0,3,5
01118 Total,74,0,0,16,3,53,6,7,21,3,38,0,2,2
01119 Total,37,0,1,13,4,22,5,0,15,0,15,0,1,0
01128 Total,9,0,0,1,0,8,0,1,4,0,5,0,0,0
01129 Total,34,0,0,12,5,17,0,1,10,1,18,0,1,1
01138 Total,1,0,0,1,0,0,0,0,0,0,0,0,0,0
01151 Total,19,0,0,8,2,7,2,1,8,0,6,0,0,2
01188 Total,1,0,0,0,0,1,0,0,0,0,1,0,0,0
01201 Total,216,0,3,8,21,180,10,17,36,3,164,0,3,2
01202 Total,2,0,0,0,0,2,0,0,0,0,2,0,0,0
01220 Total,39,0,0,0,0,38,1,3,1,0,36,0,0,0
01222 Total,6,0,0,0,0,6,0,0,0,0,6,0,0,0
01223 Total,12,0,0,1,1,9,3,0,0,0,11,0,0,0
01225 Total,7,0,0,0,0,7,1,0,0,0,7,0,0,0
01226 Total,57,0,0,0,1,55,2,1,2,0,55,0,0,0
01227 Total,1,0,0,0,0,1,0,0,0,0,1,0,0,0
01229 Total,1,0,0,0,0,1,0,0,0,0,1,0,0,0
01230 Total,33,0,0,1,1,29,1,1,3,0,28,0,0,2
01235 Total,18,0,1,0,0,16,0,0,1,0,18,0,0,0
01236 Total,13,0,1,0,1,11,2,0,2,0,13,0,0,0
01237 Total,13,0,0,0,0,11,0,0,0,0,11,0,2,2
01238 Total,22,0,1,0,0,21,0,2,0,0,20,0,0,0
01240 Total,24,0,1,0,1,21,0,0,1,0,21,0,0,1
01242 Total,2,0,0,0,0,2,0,0,0,0,2,0,0,0
01243 Total,2,0,0,0,0,2,0,0,0,0,2,0,0,0
01244 Total,2,0,0,0,0,2,0,0,0,0,2,0,0,0
01245 Total,1,0,0,0,0,1,0,0,0,0,1,0,0,0
01247 Total,53,2,0,1,2,48,1,2,2,0,49,0,0,0
01253 Total,1,0,0,0,0,1,0,0,0,0,1,0,0,0
01254 Total,1,0,0,0,0,1,0,1,0,1,1,0,0,0
01255 Total,3,0,0,0,0,3,0,1,0,0,3,0,0,0
01256 Total,2,0,0,0,0,2,0,0,0,0,2,0,0,0
01257 Total,13,0,1,0,2,9,1,1,2,0,9,0,1,0
01259 Total,1,0,0,0,0,1,0,0,0,0,1,0,0,0
01260 Total,1,0,0,0,0,1,0,0,0,0,1,0,0,0
01262 Total,5,0,0,0,0,5,1,0,0,0,4,0,0,0
01264 Total,1,0,0,0,0,1,0,0,0,0,1,0,0,0
01266 Total,4,0,0,0,0,4,0,0,0,0,4,0,0,0
01267 Total,41,0,2,0,2,37,1,3,0,0,38,0,0,0
01270 Total,4,0,0,0,0,4,0,1,0,0,3,0,0,0
01301 Total,68,0,0,3,3,59,0,7,4,0,55,0,3,3
01330 Total,4,0,0,0,0,4,0,0,0,0,4,0,0,0
01331 Total,9,0,0,0,0,9,0,0,0,0,8,0,0,0
01337 Total,11,0,0,0,0,11,0,0,1,0,11,0,0,0
01338 Total,2,0,0,0,0,2,0,0,0,0,2,0,0,0
01339 Total,11,0,0,0,0,11,0,0,1,0,11,0,0,0
01340 Total,6,0,1,0,0,4,0,0,1,0,5,0,0,1
01341 Total,5,0,0,0,0,4,0,0,0,0,5,0,0,0
01342 Total,13,0,0,0,0,12,0,5,1,0,6,0,1,1
01343 Total,2,0,0,0,0,2,0,0,0,0,2,0,0,0
01344 Total,10,0,0,0,0,10,0,0,0,0,10,0,0,0
01346 Total,3,0,0,0,0,3,0,0,0,0,3,0,0,0
01349 Total,2,0,0,0,0,2,0,0,0,0,2,0,0,0
01351 Total,6,0,0,1,0,5,0,0,0,0,6,0,0,0
01354 Total,62,1,0,0,0,59,2,18,5,1,38,0,1,2
01355 Total,5,0,0,0,0,5,0,1,0,0,4,0,0,0
01360 Total,16,0,0,0,0,16,0,0,2,0,15,0,0,0
01364 Total,28,0,0,4,1,24,1,1,0,2,27,0,0,0
01366 Total,3,0,0,0,0,3,0,0,0,0,3,0,0,0
01367 Total,5,0,0,0,1,4,0,0,0,0,4,0,0,0
01368 Total,1,0,0,0,0,1,0,0,0,0,1,0,0,0
01370 Total,22,0,1,1,1,19,0,0,0,0,22,0,0,0
01373 Total,30,0,1,2,0,26,0,1,2,0,30,0,0,0
01375 Total,13,0,0,1,1,11,0,0,0,0,12,0,0,0
01376 Total,13,0,0,2,1,11,0,0,0,0,11,0,0,0
01379 Total,1,0,0,0,0,1,0,1,0,0,0,0,0,0
01420 Total,22,0,1,5,2,14,2,1,3,0,17,0,0,0
01430 Total,9,0,0,0,0,9,0,3,0,0,6,0,0,0
01431 Total,3,0,0,0,0,3,0,0,1,0,3,0,0,0
01432 Total,8,0,0,1,1,5,0,0,1,0,8,0,0,0
01434 Total,1,0,0,0,0,1,0,1,0,0,0,0,0,0
01436 Total,4,0,0,0,0,4,0,0,0,0,4,0,0,0
01440 Total,11,0,0,1,0,10,0,1,1,0,9,0,0,0
01450 Total,35,0,0,0,3,32,1,3,0,0,33,0,0,0
01451 Total,9,0,0,0,2,7,0,1,0,0,8,0,0,0
01452 Total,5,0,0,0,0,5,0,0,0,0,5,0,0,0
01453 Total,34,0,0,4,2,28,1,1,6,0,27,0,0,0
01460 Total,6,0,0,0,0,6,0,2,0,0,3,0,0,0
01462 Total,13,0,0,1,0,11,0,0,1,0,11,0,1,1
01463 Total,10,0,0,0,0,10,0,0,1,0,10,0,0,0
01464 Total,11,0,0,1,0,9,0,3,0,0,10,0,0,0
01468 Total,6,0,0,0,0,6,0,0,0,0,6,0,0,0
01469 Total,9,0,0,0,0,9,0,0,1,0,9,0,0,0
01473 Total,8,0,0,0,2,6,0,0,0,0,8,0,0,0
01474 Total,2,0,0,0,0,2,0,0,0,0,2,0,0,0
01475 Total,10,0,0,1,0,9,0,1,0,1,9,0,0,0
01501 Total,14,0,0,0,1,13,0,1,0,0,13,0,0,0
01503 Total,1,0,0,0,0,1,0,0,0,0,1,0,0,0
01504 Total,22,0,0,0,1,20,0,2,1,0,20,0,0,1
01505 Total,11,0,0,1,0,9,0,2,1,0,7,0,1,1
01506 Total,5,0,0,0,0,5,0,0,0,0,5,0,0,0
01507 Total,19,0,0,1,0,16,0,0,1,0,18,0,0,2
01508 Total,1,0,0,0,0,1,0,0,0,0,1,0,0,0
01510 Total,15,0,0,0,4,11,0,1,2,0,10,0,0,0
01515 Total,3,0,0,0,0,3,1,0,0,0,3,0,0,0
01516 Total,14,0,0,0,1,13,0,0,0,0,14,0,0,0
01518 Total,4,0,0,0,0,4,0,0,0,0,4,0,0,0
01519 Total,13,0,0,0,0,12,0,0,1,0,12,0,1,1
01520 Total,44,0,1,1,0,41,1,4,0,0,39,0,0,1
01521 Total,4,0,0,0,0,3,0,0,0,0,3,0,1,1
01522 Total,10,0,0,0,0,10,0,1,1,0,9,0,0,0
01523 Total,6,0,0,1,1,5,0,1,2,0,3,0,1,0
01524 Total,11,0,0,0,0,11,0,3,0,0,9,0,0,0
01525 Total,1,0,0,0,0,1,0,0,0,0,1,0,0,0
01527 Total,17,0,0,0,1,15,0,1,0,0,15,0,1,1
01529 Total,9,0,0,0,1,8,0,0,0,0,8,0,0,0
01532 Total,24,0,0,0,1,22,1,2,1,0,21,0,0,1
01534 Total,8,0,0,0,0,8,0,0,0,0,8,0,0,0
01535 Total,3,0,0,0,0,3,0,0,0,0,3,0,0,0
01536 Total,10,0,0,0,0,9,0,2,0,0,8,0,0,0
01537 Total,2,0,0,0,1,1,0,0,0,0,1,0,0,0
01540 Total,14,0,0,1,0,13,0,0,1,0,12,0,0,0
01541 Total,8,0,0,0,0,8,1,0,0,0,7,0,0,0
01543 Total,23,0,0,0,2,21,0,2,0,0,21,0,0,0
01545 Total,62,0,0,0,5,56,1,16,2,1,44,0,1,1
01550 Total,12,1,0,5,0,7,1,0,2,0,8,0,0,0
01560 Total,9,0,0,0,0,8,0,1,1,0,7,0,1,1
01561 Total,1,0,0,0,0,1,0,1,0,0,1,0,0,0
01562 Total,7,0,0,1,0,6,0,0,1,0,6,0,0,0
01564 Total,15,0,0,0,0,15,1,1,0,0,14,0,0,0
01566 Total,6,0,0,1,0,5,0,0,0,0,6,0,0,0
01568 Total,12,0,0,0,0,12,0,1,1,0,11,0,0,0
01569 Total,22,0,0,0,1,21,0,1,1,0,20,0,0,0
01570 Total,18,0,0,2,1,15,1,1,1,0,13,0,0,0
01571 Total,14,0,0,2,0,12,1,0,0,0,14,0,0,0
01581 Total,23,0,0,0,0,23,0,12,0,0,12,0,0,0
01583 Total,6,0,0,0,1,4,1,0,0,0,5,0,1,1
01585 Total,10,0,0,0,0,10,0,0,0,0,10,0,0,0
01588 Total,13,0,0,0,1,12,0,1,0,0,12,0,0,0
01590 Total,22,0,0,0,0,21,0,0,0,0,21,0,1,1
01602 Total,28,0,0,1,2,24,2,3,4,1,22,0,0,0
01603 Total,26,0,1,2,4,19,0,6,4,0,12,0,3,0
01604 Total,37,1,0,5,7,22,0,9,9,0,14,0,1,2
01605 Total,29,0,0,2,8,17,0,0,9,1,16,0,0,1
01606 Total,24,1,0,1,3,19,1,2,8,0,14,0,1,0
01607 Total,5,0,0,0,0,5,0,2,2,0,1,0,0,0
01608 Total,3,0,0,2,1,0,0,0,0,0,1,0,0,0
01609 Total,16,0,0,2,2,8,0,2,4,0,8,0,0,4
01610 Total,14,0,1,1,0,9,1,5,6,0,3,0,1,1
01611 Total,3,0,0,0,0,3,0,0,0,0,3,0,0,0
01612 Total,14,0,0,1,0,13,0,0,0,0,14,0,0,0
01701 Total,27,1,1,1,2,24,0,6,1,0,19,0,2,0
01702 Total,27,0,0,0,9,14,0,6,2,0,11,0,1,4
01718 Total,1,0,0,0,0,1,0,0,0,0,1,0,0,0
01719 Total,6,0,0,0,0,6,0,2,0,0,4,0,0,0
01720 Total,25,0,1,0,2,22,1,6,3,0,14,0,3,0
01721 Total,19,0,0,0,2,17,0,5,0,1,11,0,1,0
01730 Total,7,0,0,0,0,7,0,1,1,0,6,0,0,0
01731 Total,2,0,0,0,0,2,0,0,0,0,2,0,0,0
01740 Total,14,0,0,0,0,14,0,1,0,0,14,0,0,0
01741 Total,3,0,0,0,0,3,0,2,0,0,1,0,0,0
01742 Total,12,0,0,1,0,11,1,2,1,0,9,0,0,0
01745 Total,1,0,0,0,0,1,0,0,0,0,1,0,0,0
01746 Total,19,1,0,0,1,16,0,2,0,0,18,0,0,1
01747 Total,5,0,0,0,0,5,0,0,0,0,5,0,0,0
01748 Total,24,0,0,0,1,23,0,3,1,0,21,0,0,0
01749 Total,16,0,0,1,2,12,0,2,0,0,13,0,0,1
01752 Total,33,1,1,3,5,23,0,0,7,0,27,0,0,0
01754 Total,14,0,0,0,0,13,0,2,0,0,13,0,1,1
01756 Total,12,0,0,0,1,11,1,0,2,0,10,0,0,0
01757 Total,27,0,0,3,5,18,0,0,0,0,22,0,2,1
01760 Total,49,0,1,0,3,43,1,7,2,0,41,0,2,2
01770 Total,7,0,0,0,0,7,0,0,0,0,7,0,0,0
01772 Total,15,0,0,0,1,13,0,6,1,0,9,0,0,1
01773 Total,4,0,0,0,0,4,0,0,0,0,4,0,0,0
01775 Total,7,0,0,0,0,6,0,0,0,0,6,0,1,1
01776 Total,23,0,0,0,1,21,0,2,1,0,20,0,2,1
01778 Total,14,0,0,0,0,14,0,6,0,0,8,0,0,0
01801 Total,44,0,0,0,1,42,0,4,2,0,38,0,1,1
01803 Total,28,0,0,0,1,27,0,7,2,0,20,0,0,0
01810 Total,63,1,2,1,2,54,3,9,2,0,52,0,1,3
01821 Total,38,0,0,0,3,35,2,3,2,0,33,0,0,0
01824 Total,31,0,0,0,2,28,0,3,1,0,28,0,0,1
01826 Total,23,0,0,0,0,22,0,0,0,0,23,0,0,1
01827 Total,8,0,0,0,1,7,0,1,0,0,7,0,0,0
01830 Total,19,0,0,1,3,14,1,2,2,0,13,0,1,0
01832 Total,19,1,0,0,4,11,1,3,4,0,13,0,1,1
01833 Total,9,0,0,0,0,9,0,0,1,0,8,0,0,0
01834 Total,10,0,0,0,1,9,0,0,0,0,10,0,0,0
01835 Total,17,0,0,1,1,15,0,2,1,0,13,0,0,0
01840 Total,6,0,0,3,4,0,0,0,2,0,0,0,1,0
01841 Total,49,0,0,13,35,2,2,0,17,0,8,0,7,4
01843 Total,39,0,0,12,23,6,2,1,18,0,9,0,8,1
01844 Total,51,0,1,8,13,32,1,2,7,1,36,0,4,2
01845 Total,42,0,0,0,6,36,1,6,3,0,32,0,2,0
01850 Total,12,0,0,1,1,10,0,1,3,0,7,0,2,0
01851 Total,27,0,1,2,4,17,0,13,1,0,11,0,1,2
01852 Total,32,0,1,4,7,20,2,6,2,0,21,0,1,0
01854 Total,14,0,0,1,1,11,1,5,3,0,5,0,0,0
01860 Total,3,0,0,0,0,3,0,0,0,0,3,0,0,0
01862 Total,10,0,1,0,0,9,0,0,0,0,10,0,0,0
01863 Total,21,0,0,1,1,20,0,1,2,0,17,0,1,0
01864 Total,19,0,0,0,1,18,0,0,0,0,19,0,0,0
01867 Total,43,0,0,0,4,36,0,1,0,0,37,0,4,3
01876 Total,39,0,0,2,2,35,1,2,1,0,37,0,0,0
01879 Total,31,0,1,0,0,27,0,1,3,0,25,0,2,3
01880 Total,25,0,0,0,4,21,0,3,1,1,20,0,1,0
01886 Total,36,0,0,0,1,34,0,9,1,0,25,0,1,0
01887 Total,35,0,1,1,3,26,0,3,2,0,29,0,3,3
01890 Total,30,0,0,0,3,26,1,4,0,0,20,0,4,1
01901 Total,1,0,0,0,1,0,0,0,0,0,1,0,0,0
01902 Total,38,0,2,4,20,15,2,6,13,1,9,0,2,0
01904 Total,25,0,0,2,4,19,3,2,5,0,17,0,0,0
01905 Total,24,0,1,1,11,11,0,4,8,0,8,0,1,0
01906 Total,27,0,0,0,5,20,0,4,0,0,22,0,0,2
01907 Total,19,0,0,0,0,19,0,2,1,0,17,0,1,0
01908 Total,1,0,0,0,0,1,0,1,0,0,0,0,0,0
01913 Total,15,0,0,0,0,15,1,1,0,0,15,0,0,0
01915 Total,50,0,0,1,4,45,0,5,4,0,41,0,2,0
01921 Total,10,0,0,0,1,9,1,0,0,0,10,0,0,0
01922 Total,1,0,0,0,0,1,0,0,0,0,1,0,0,0
01923 Total,44,0,0,0,2,41,0,3,2,0,38,0,2,1
01929 Total,6,0,0,0,0,5,0,0,0,0,4,0,1,1
01930 Total,34,0,0,1,1,32,1,1,1,0,31,0,0,0
01936 Total,1,0,0,0,0,1,0,0,0,0,1,0,0,0
01938 Total,17,1,0,0,1,15,0,1,0,0,15,0,1,0
01940 Total,16,0,0,1,0,15,0,2,0,0,14,0,0,0
01944 Total,3,0,0,0,1,2,1,0,0,0,2,0,0,0
01945 Total,33,0,1,1,1,29,0,1,0,0,32,0,0,1
01949 Total,10,0,0,0,0,9,0,2,0,0,9,0,0,0
01950 Total,24,0,0,0,1,23,0,0,0,0,24,0,0,0
01951 Total,1,0,0,0,0,1,0,0,0,0,1,0,0,0
01952 Total,2,0,0,0,0,2,0,0,0,0,2,0,0,0
01960 Total,53,1,1,3,6,42,0,3,6,1,43,0,2,1
01965 Total,1,0,0,0,0,1,0,0,0,0,1,0,0,0
01966 Total,9,0,0,0,0,6,0,0,0,0,6,0,3,3
01969 Total,4,0,0,0,0,4,0,1,0,0,3,0,0,0
01970 Total,35,0,1,0,7,26,0,1,3,0,28,0,1,0
01982 Total,8,0,0,0,1,6,0,0,0,0,7,0,1,1
01983 Total,2,0,0,0,0,2,0,0,0,0,2,0,0,0
01984 Total,3,0,0,0,0,3,0,1,0,0,2,0,0,0
01985 Total,7,0,0,0,0,7,0,0,0,0,7,0,0,0
02019 Total,21,0,0,0,2,18,0,2,0,0,16,0,1,1
02020 Total,1,0,0,0,0,1,0,0,0,0,1,0,0,0
02021 Total,18,0,0,1,1,16,0,1,3,0,15,0,0,0
02025 Total,9,0,0,0,0,9,0,0,0,0,9,0,0,0
02026 Total,17,0,0,0,0,17,0,1,1,0,15,0,0,0
02030 Total,9,0,0,0,0,9,0,2,0,0,6,0,1,0
02032 Total,4,0,0,0,1,2,0,1,0,0,3,0,0,1
02035 Total,22,0,0,0,0,22,1,1,1,0,20,0,0,0
02038 Total,45,0,0,0,4,41,0,4,3,0,38,0,1,0
02041 Total,1,0,0,0,0,1,0,0,0,0,1,0,0,0
02043 Total,33,0,0,0,0,30,1,3,0,1,31,0,1,2
02045 Total,14,0,0,0,1,13,0,0,0,0,14,0,0,0
02048 Total,34,0,0,0,1,33,0,1,1,0,33,0,0,0
02050 Total,52,0,1,0,3,46,1,0,1,0,47,0,4,2
02051 Total,1,0,0,0,0,1,0,0,0,0,1,0,0,0
02052 Total,11,0,0,0,0,11,1,1,2,0,11,0,0,0
02053 Total,15,0,0,0,0,15,0,0,1,0,14,0,0,0
02054 Total,25,0,1,1,1,23,0,2,0,0,21,0,1,0
02056 Total,13,0,0,0,0,13,0,1,0,0,13,0,0,0
02059 Total,2,0,0,0,0,2,0,0,0,0,2,0,0,0
02061 Total,22,1,0,1,2,19,0,1,0,0,20,0,1,1
02062 Total,21,1,0,1,3,17,1,2,2,0,17,0,0,0
02066 Total,25,0,0,0,0,25,1,1,1,0,23,0,0,0
02067 Total,23,0,0,1,0,22,1,5,1,0,18,0,0,0
02071 Total,1,0,0,0,0,1,0,0,0,0,1,0,0,0
02072 Total,24,0,0,2,0,20,0,2,6,1,13,0,1,1
02081 Total,22,0,0,0,0,22,1,0,1,0,20,0,0,0
02090 Total,33,0,0,0,0,31,1,0,1,0,30,0,2,2
02093 Total,24,0,0,0,0,23,0,1,0,0,23,0,0,1
02108 Total,2,0,0,1,0,1,0,0,0,0,2,0,0,0
02109 Total,1,0,0,0,0,1,0,0,0,0,1,0,0,0
02111 Total,8,0,0,0,0,8,0,8,0,0,0,0,0,0
02113 Total,1,0,0,0,1,0,0,0,0,0,1,0,0,0
02114 Total,5,0,0,1,0,4,0,3,0,0,2,0,0,0
02115 Total,5,0,0,0,1,4,0,3,1,0,1,0,0,0
02116 Total,12,0,0,0,3,9,0,4,2,0,6,0,0,0
02118 Total,18,1,0,2,2,13,0,6,9,0,3,0,1,1
02119 Total,17,1,0,3,6,8,0,0,13,0,1,0,1,0
02120 Total,5,0,0,0,0,5,0,1,4,0,0,0,0,0
02121 Total,28,0,0,0,12,16,0,2,22,0,1,0,1,0
02122 Total,22,0,0,4,2,17,0,9,8,0,5,0,0,0
02124 Total,58,0,0,2,8,49,4,8,35,1,10,0,3,0
02125 Total,25,0,0,2,3,18,1,6,16,0,2,0,2,1
02126 Total,26,0,0,2,4,20,2,0,23,0,2,0,0,0
02127 Total,18,0,0,2,3,12,0,3,5,1,7,0,1,1
02128 Total,42,0,3,3,28,10,4,3,3,1,16,0,3,0
02129 Total,6,0,0,2,1,3,0,1,1,0,2,0,0,0
02130 Total,18,0,0,1,6,8,0,3,5,0,8,0,1,2
02131 Total,30,2,0,1,9,18,1,3,13,0,10,0,1,0
02132 Total,31,0,0,0,2,29,1,8,3,0,24,0,0,0
02134 Total,6,0,0,1,1,4,0,3,1,0,0,0,1,0
02135 Total,23,0,0,1,2,21,0,9,5,0,8,0,0,0
02136 Total,52,0,1,7,10,36,1,3,38,2,6,0,1,0
02138 Total,17,0,0,0,2,14,0,3,4,0,8,0,2,1
02139 Total,13,0,0,1,4,9,0,1,3,0,7,0,1,0
02140 Total,16,0,1,0,0,15,0,6,6,0,4,0,0,0
02141 Total,6,0,0,2,2,2,0,1,2,0,3,0,1,0
02143 Total,11,0,0,1,1,7,1,2,3,0,3,0,2,2
02144 Total,8,0,1,0,2,6,0,4,0,0,3,0,0,0
02145 Total,18,0,0,2,8,9,0,3,1,0,10,0,1,0
02148 Total,54,0,0,1,6,46,3,24,11,0,14,0,3,1
02149 Total,43,0,1,0,14,28,0,12,7,0,19,0,1,0
02150 Total,42,0,1,6,33,5,1,3,2,0,13,0,8,0
02151 Total,56,1,2,3,18,32,2,3,10,2,29,0,2,0
02152 Total,30,0,1,0,5,22,1,2,0,0,28,0,0,1
02155 Total,42,0,1,1,9,30,0,2,9,0,29,0,2,0
02169 Total,45,0,0,0,2,41,0,15,2,0,24,0,4,2
02170 Total,21,0,0,0,0,20,0,11,0,0,10,0,0,1
02171 Total,14,0,0,0,0,13,0,10,1,0,3,0,0,1
02176 Total,32,0,0,0,1,31,0,0,0,0,32,0,0,0
02180 Total,23,0,0,1,0,21,0,1,1,0,21,0,0,1
02184 Total,46,0,1,0,2,40,0,19,3,1,21,0,3,3
02185 Total,1,0,0,1,1,0,0,0,0,0,1,0,0,0
02186 Total,33,0,0,2,0,30,0,3,8,0,25,0,0,1
02188 Total,18,0,1,1,0,16,0,1,2,0,15,0,0,0
02189 Total,16,0,0,0,1,14,0,1,1,0,13,0,1,1
02190 Total,26,0,0,0,0,25,0,1,1,0,23,0,1,1
02191 Total,13,0,0,0,0,13,0,1,0,0,12,0,1,0
02215 Total,3,0,0,0,0,3,0,3,0,0,0,0,0,0
02301 Total,58,1,0,6,5,45,1,6,30,0,21,0,2,1
02302 Total,25,0,0,4,0,21,0,3,13,0,7,0,3,0
02322 Total,2,0,0,0,0,2,0,0,0,0,2,0,0,0
02324 Total,37,0,0,1,4,32,0,1,1,0,34,0,0,0
02327 Total,1,0,0,0,0,1,0,0,0,0,1,0,0,0
02330 Total,12,0,0,0,0,12,0,0,0,0,12,0,0,0
02331 Total,1,0,0,0,0,1,0,0,0,0,1,0,0,0
02332 Total,18,0,0,0,1,17,0,2,0,0,17,0,0,0
02333 Total,15,0,0,0,0,14,0,1,0,0,14,0,0,0
02338 Total,12,0,0,0,1,10,0,0,0,0,11,0,1,1
02339 Total,19,0,0,0,1,16,0,1,0,0,18,0,1,1
02341 Total,10,0,0,0,0,10,1,0,0,0,9,0,0,0
02343 Total,12,0,0,0,0,11,0,4,2,0,5,0,1,1
02345 Total,1,0,0,0,0,1,0,0,0,0,1,0,0,0
02346 Total,17,0,0,1,1,15,0,1,0,0,16,0,0,0
02347 Total,14,0,0,0,1,11,1,0,0,0,13,0,0,1
02351 Total,30,0,0,0,0,28,1,2,2,0,22,0,5,2
02356 Total,16,0,0,0,0,16,0,4,1,0,11,0,0,0
02359 Total,16,0,0,0,0,16,0,0,0,0,16,0,0,0
02360 Total,53,1,0,0,0,52,1,4,3,0,49,0,0,0
02362 Total,1,0,0,0,0,1,0,0,0,0,1,0,0,0
02364 Total,5,0,0,0,0,5,0,0,0,0,5,0,0,0
02367 Total,2,0,0,0,0,2,0,0,1,0,1,0,0,0
02368 Total,28,1,1,1,4,25,0,0,20,0,4,0,2,0
02370 Total,16,0,0,0,1,15,0,1,2,0,13,0,0,0
02375 Total,20,0,0,0,0,20,1,2,3,0,16,0,0,0
02379 Total,14,0,0,0,0,14,0,0,1,0,13,0,0,0
02382 Total,13,0,0,0,3,10,0,0,0,0,13,0,0,0
02420 Total,20,0,0,0,0,19,1,10,1,0,9,0,0,0
02421 Total,26,0,1,0,0,25,0,10,1,0,14,0,0,0
02445 Total,20,0,0,0,2,17,1,7,2,1,12,0,1,1
02446 Total,20,0,1,0,4,15,0,3,3,0,12,0,2,0
02451 Total,19,0,0,0,2,15,1,2,4,0,10,1,1,1
02452 Total,9,0,0,0,0,8,1,3,1,0,5,0,1,1
02453 Total,10,0,0,0,2,8,0,0,0,0,9,0,0,0
02456 Total,1,0,0,0,0,1,0,1,0,0,0,0,0,0
02458 Total,12,0,0,0,1,11,0,2,0,0,9,0,2,0
02459 Total,19,0,1,0,1,16,0,10,2,0,7,0,0,0
02460 Total,13,0,0,0,0,13,0,5,0,0,8,0,1,0
02461 Total,13,0,1,2,3,9,0,3,2,0,10,0,0,0
02462 Total,3,0,0,0,0,3,0,1,0,0,2,0,0,0
02464 Total,1,0,0,0,0,0,0,0,0,0,1,0,0,1
02465 Total,17,0,0,2,3,10,0,1,0,0,14,0,3,2
02466 Total,9,0,0,0,1,8,0,1,0,0,7,0,0,0
02467 Total,15,0,1,0,0,13,0,3,0,0,10,0,2,1
02468 Total,3,0,0,0,0,3,0,0,1,0,3,0,0,0
02472 Total,16,0,1,0,2,13,0,0,0,0,13,0,1,1
02474 Total,28,0,0,0,4,23,0,4,4,0,23,0,0,1
02476 Total,12,0,0,1,0,11,0,2,0,0,11,0,0,0
02478 Total,31,1,1,0,2,26,1,11,1,0,17,0,2,1
02481 Total,15,0,0,0,1,13,0,2,2,0,10,0,1,1
02482 Total,12,0,0,0,0,12,0,4,0,0,9,0,0,0
02492 Total,25,0,0,1,0,24,0,2,1,0,22,0,0,0
02493 Total,11,0,0,0,1,10,0,1,2,0,8,0,0,0
02494 Total,13,0,0,1,0,11,0,1,0,0,12,0,1,1
02532 Total,7,0,0,0,0,7,0,0,1,0,6,0,0,0
02535 Total,1,0,0,0,0,1,0,0,0,0,0,0,0,0
02536 Total,15,0,0,0,3,11,1,1,0,0,13,0,0,1
02537 Total,13,0,0,0,1,12,0,0,0,0,13,0,0,0
02539 Total,5,0,0,0,0,4,0,0,0,0,5,0,0,0
02540 Total,9,0,0,1,1,7,0,0,0,0,9,0,0,0
02542 Total,1,0,1,0,1,0,0,0,0,0,1,0,0,0
02543 Total,1,0,0,0,0,1,0,0,0,0,1,0,0,0
02553 Total,3,0,0,0,0,3,0,0,0,0,3,0,0,0
02554 Total,13,0,0,0,2,11,0,0,4,0,8,0,1,0
02556 Total,3,0,0,0,0,3,0,0,0,0,3,0,0,0
02557 Total,4,0,0,0,0,4,0,0,1,0,3,0,0,0
02558 Total,1,0,0,0,0,1,0,0,0,0,1,0,0,0
02559 Total,1,0,0,0,0,1,0,1,0,0,0,0,0,0
02562 Total,5,0,0,0,0,5,0,0,0,0,5,0,0,0
02563 Total,13,0,0,0,0,13,0,1,0,0,12,0,0,0
02568 Total,5,0,0,0,1,4,0,0,0,0,5,0,0,0
02571 Total,14,0,1,1,1,10,0,2,2,0,11,0,0,1
02574 Total,1,0,0,0,0,1,1,0,0,0,0,0,0,0
02584 Total,3,0,0,0,0,3,1,1,1,0,2,0,0,0
02601 Total,10,0,0,0,3,6,0,0,3,0,6,0,0,1
02630 Total,2,0,0,0,0,2,0,0,0,0,2,0,0,0
02631 Total,12,0,1,0,0,10,0,0,1,0,11,0,1,1
02632 Total,11,0,0,0,0,11,0,0,0,0,11,0,0,0
02633 Total,3,0,0,0,0,3,0,0,0,0,3,0,0,0
02635 Total,1,0,0,0,0,1,0,0,0,0,1,0,0,0
02637 Total,1,0,0,0,0,0,0,0,0,0,0,0,1,1
02638 Total,2,0,0,1,0,1,0,0,1,0,1,0,0,0
02639 Total,1,0,0,0,0,0,0,0,0,0,0,0,0,1
02641 Total,2,1,0,0,0,1,0,0,0,0,2,0,0,0
02642 Total,6,0,0,0,0,6,0,1,1,0,5,0,0,0
02644 Total,3,0,0,0,0,3,0,0,0,0,3,0,0,0
02645 Total,11,0,0,0,0,11,0,1,1,0,10,0,0,0
02646 Total,3,0,0,0,1,2,0,0,0,0,3,0,0,0
02648 Total,10,0,1,1,1,7,0,0,1,0,10,0,0,0
02649 Total,19,0,1,0,0,18,1,1,1,0,17,0,0,0
02650 Total,1,0,0,0,0,0,0,0,1,0,0,0,0,1
02651 Total,1,0,0,0,0,1,0,0,0,0,1,0,0,0
02652 Total,1,0,0,0,0,1,0,0,0,0,1,0,0,0
02653 Total,4,1,0,0,0,3,1,1,2,1,4,0,0,0
02655 Total,4,0,0,0,0,4,0,1,0,0,3,0,0,0
02660 Total,3,0,0,0,0,3,0,0,0,0,3,0,0,0
02661 Total,1,0,0,0,0,1,0,0,1,0,0,0,0,0
02664 Total,8,0,0,1,1,7,0,1,1,0,5,0,0,0
02666 Total,2,0,0,0,0,2,0,1,0,0,2,0,0,0
02667 Total,2,0,0,0,0,2,0,0,0,0,2,0,0,0
02668 Total,2,0,0,0,0,2,0,0,0,0,2,0,0,0
02670 Total,1,0,0,0,0,1,0,1,0,0,0,0,0,0
02671 Total,1,0,0,0,0,1,0,0,0,0,1,0,0,0
02673 Total,12,0,0,0,1,11,0,0,0,0,10,0,1,0
02675 Total,8,0,0,0,2,5,0,0,0,0,6,0,2,1
02702 Total,4,0,1,0,0,3,0,0,0,0,3,0,1,0
02703 Total,38,0,0,0,4,32,3,1,2,1,33,0,1,2
02715 Total,4,0,0,0,0,4,0,0,0,0,4,0,0,0
02717 Total,5,0,0,0,0,5,1,0,0,0,5,0,0,0
02718 Total,7,0,1,0,0,5,1,0,1,0,5,0,0,1
02719 Total,12,0,0,0,1,11,0,0,0,0,12,0,0,0
02720 Total,27,0,0,1,0,23,1,2,1,0,23,0,1,3
02721 Total,13,0,0,0,0,11,0,0,1,0,11,0,0,2
02723 Total,9,0,0,0,1,7,0,1,0,0,7,0,0,1
02724 Total,10,0,0,0,0,10,0,4,0,0,6,0,0,0
02725 Total,1,0,0,0,0,1,0,0,0,0,1,0,0,0
02726 Total,15,0,0,0,0,14,0,1,0,0,15,0,0,1
02738 Total,11,0,0,0,0,11,0,0,2,0,9,0,0,0
02739 Total,4,0,0,0,0,4,0,1,0,0,3,0,0,0
02740 Total,25,0,0,4,3,18,2,0,12,0,12,0,2,0
02743 Total,8,0,0,0,0,7,0,0,0,0,8,0,0,0
02744 Total,7,0,1,3,1,3,0,0,0,0,5,0,0,0
02745 Total,17,0,0,0,2,15,0,0,1,0,14,0,1,0
02746 Total,7,0,0,2,1,5,0,1,2,0,3,0,1,0
02747 Total,19,0,0,0,0,19,1,1,0,0,16,0,1,0
02748 Total,9,0,0,0,0,9,0,2,0,0,7,0,0,0
02760 Total,31,0,0,0,1,30,0,2,1,0,28,0,0,0
02762 Total,15,0,0,0,0,14,1,1,1,0,13,0,0,1
02763 Total,4,0,0,1,1,2,0,0,0,0,4,0,0,0
02764 Total,4,0,0,0,0,4,0,0,0,0,4,0,0,0
02766 Total,22,0,0,0,1,19,0,0,0,0,21,0,1,1
02767 Total,23,0,0,0,3,19,1,2,1,0,18,0,1,1
02768 Total,1,0,0,0,0,1,0,0,0,0,1,0,0,0
02769 Total,22,0,0,0,0,20,0,1,0,0,21,0,1,2
02770 Total,8,0,0,0,0,7,0,0,0,0,8,0,0,0
02771 Total,22,1,2,1,1,21,2,3,3,1,19,0,0,0
02777 Total,20,0,0,0,1,19,1,1,0,0,19,0,0,0
02779 Total,4,0,0,0,0,4,0,0,0,0,4,0,0,0
02780 Total,40,0,0,2,1,36,1,2,7,0,27,0,1,0
02790 Total,30,0,0,1,0,29,0,2,2,0,27,0,0,0
02802 Total,4,0,0,0,1,3,0,0,0,0,4,0,0,0
02806 Total,18,1,0,0,1,16,1,2,1,0,15,0,1,0
02809 Total,21,0,0,0,1,20,0,0,0,0,21,0,0,0
02814 Total,44,0,0,0,1,41,0,1,0,0,41,0,1,1
02815 Total,1,0,0,0,0,1,0,1,0,0,0,0,0,0
02816 Total,20,0,0,1,2,17,1,0,1,0,19,0,1,0
02817 Total,3,0,0,0,0,3,0,0,0,0,3,0,0,0
02818 Total,34,0,0,0,3,29,1,3,3,0,29,0,0,1
02822 Total,5,0,1,0,0,4,1,0,0,0,4,0,0,0
02823 Total,1,0,0,0,0,1,0,0,0,0,1,0,0,0
02824 Total,2,0,0,0,0,2,0,0,0,0,2,0,0,0
02825 Total,41,0,0,0,0,40,0,4,1,0,37,0,1,1
02826 Total,4,0,0,0,0,4,0,0,0,0,4,0,0,0
02827 Total,1,0,0,0,0,1,0,0,0,0,1,0,0,0
02828 Total,35,0,0,0,1,34,0,0,0,0,35,0,0,0
02830 Total,50,0,0,1,0,47,0,0,1,0,49,0,0,0
02831 Total,15,0,0,0,0,14,0,0,0,0,15,0,0,0
02835 Total,2,0,0,0,0,2,0,0,0,0,2,0,0,0
02838 Total,17,0,0,0,0,16,0,0,3,0,13,0,0,0
02839 Total,13,0,0,0,0,12,0,0,0,0,13,0,0,0
02840 Total,5,0,0,0,0,5,0,0,1,0,3,0,0,0
02842 Total,2,0,0,0,0,2,0,0,0,0,2,0,0,0
02852 Total,11,0,0,1,1,8,0,0,0,0,9,0,0,0
02857 Total,51,0,0,0,1,49,0,2,1,0,48,0,1,0
02858 Total,5,0,0,0,0,5,0,0,0,0,5,0,0,0
02859 Total,54,0,0,0,0,53,1,1,1,0,52,0,0,0
02860 Total,135,0,0,9,16,85,10,4,57,1,69,0,2,1
02861 Total,86,1,2,3,8,61,1,4,16,2,59,0,3,0
02862 Total,2,0,0,0,0,1,0,0,1,0,2,0,0,0
02863 Total,79,0,6,7,18,19,4,0,18,3,47,0,1,0
02864 Total,233,0,0,2,13,209,7,10,14,2,212,0,1,1
02865 Total,133,1,0,1,8,120,0,7,6,1,119,0,0,0
02871 Total,2,0,0,0,0,2,0,0,0,0,2,0,0,0
02874 Total,5,0,0,0,0,5,0,1,0,0,5,0,0,0
02876 Total,4,0,0,0,0,4,0,0,0,0,4,0,0,0
02878 Total,3,0,0,0,0,3,0,0,0,0,3,0,0,0
02879 Total,5,0,0,0,0,5,0,0,0,0,5,0,0,0
02882 Total,3,0,0,0,0,3,0,1,0,0,3,0,0,0
02885 Total,4,0,0,0,0,4,0,0,0,0,4,0,0,0
02886 Total,137,0,0,1,1,128,1,15,5,2,118,0,2,3
02888 Total,100,0,0,1,3,91,1,4,5,1,90,0,1,1
02889 Total,145,1,0,2,4,133,5,14,6,3,128,0,0,0
02891 Total,1,0,1,0,0,0,0,0,0,0,1,0,0,0
02892 Total,3,0,0,0,0,2,0,2,0,0,1,0,0,1
02893 Total,119,0,1,0,3,102,4,6,9,0,107,0,0,0
02895 Total,151,0,2,6,10,108,4,16,38,0,110,0,1,1
02896 Total,79,1,0,0,1,74,0,5,3,0,74,0,1,0
02901 Total,3,0,0,0,1,2,0,0,0,0,2,0,0,0
02903 Total,28,0,1,1,2,23,2,13,10,0,2,0,0,0
02904 Total,117,0,0,2,25,75,11,9,42,1,56,0,2,1
02905 Total,126,0,1,8,43,54,9,10,39,6,61,0,3,2
02906 Total,76,1,0,3,4,65,3,8,13,0,57,0,2,0
02907 Total,125,0,2,8,47,40,17,14,51,4,42,0,4,0
02908 Total,155,1,6,13,42,69,20,16,56,3,58,0,2,2
02909 Total,173,0,3,13,57,62,29,16,51,6,63,0,5,1
02910 Total,124,0,1,3,8,89,2,20,10,1,92,0,2,1
02911 Total,66,1,0,0,5,55,3,4,11,0,49,0,1,1
02914 Total,91,0,0,2,1,84,2,2,23,1,71,0,1,0
02915 Total,67,0,0,2,1,63,1,2,11,0,59,0,0,0
02916 Total,38,0,0,1,1,34,2,2,4,2,35,0,0,0
02917 Total,56,0,0,0,1,53,2,1,3,0,53,0,0,1
02919 Total,141,0,0,2,9,115,1,10,10,0,121,0,2,1
02920 Total,160,2,0,1,12,124,8,11,17,3,126,0,2,1
02921 Total,100,1,2,0,3,91,1,5,2,0,93,0,0,0
03015 Total,1,0,0,0,1,0,0,0,0,0,0,0,0,0
03031 Total,77,1,1,0,1,70,1,3,0,0,71,0,0,4
03032 Total,35,0,0,0,1,32,1,2,1,0,31,0,0,2
03033 Total,63,0,0,1,1,57,2,4,0,0,56,0,1,4
03034 Total,27,0,0,1,0,23,0,1,1,0,23,0,0,2
03036 Total,32,0,0,0,1,30,0,2,0,0,31,0,0,1
03037 Total,18,0,0,0,0,18,0,0,0,0,18,0,0,0
03038 Total,127,1,1,0,6,111,1,4,3,0,115,0,0,4
03042 Total,42,0,0,1,1,36,1,1,0,0,38,0,0,3
03044 Total,28,0,0,0,0,27,2,0,1,0,24,0,0,1
03045 Total,79,0,0,0,2,73,1,3,1,0,75,0,0,0
03046 Total,20,0,0,0,0,20,0,1,0,0,19,0,0,0
03048 Total,4,0,0,0,0,4,0,1,0,0,4,0,0,0
03049 Total,69,1,0,0,1,64,1,6,0,0,59,0,1,3
03051 Total,152,0,1,3,7,130,3,9,2,0,127,0,0,10
03052 Total,54,0,0,1,1,51,0,1,1,0,51,0,0,1
03053 Total,181,1,0,4,6,166,3,9,2,1,165,0,2,4
03054 Total,116,0,2,1,2,105,3,7,0,0,103,0,1,5
03055 Total,97,0,3,1,7,80,1,4,5,0,86,0,0,3
03057 Total,27,0,0,0,1,25,0,1,0,0,25,0,0,1
03060 Total,81,0,5,5,8,56,3,4,9,1,65,0,1,6
03062 Total,140,0,0,2,11,119,0,35,3,0,99,0,0,7
03063 Total,81,0,1,2,4,71,2,9,4,0,67,0,0,2
03064 Total,87,0,3,3,10,69,3,7,7,1,70,0,0,5
03070 Total,46,0,1,0,1,43,0,1,2,0,44,0,0,0
03071 Total,1,0,0,0,0,1,0,0,0,0,1,0,0,0
03076 Total,85,0,0,1,1,79,0,0,1,0,81,0,1,4
03077 Total,41,0,0,0,3,33,1,0,1,0,36,0,1,3
03079 Total,146,0,0,6,10,121,4,7,5,0,124,0,1,7
03086 Total,5,0,0,0,0,4,0,2,0,0,3,0,1,1
03087 Total,117,0,2,0,3,105,0,9,1,1,100,0,3,4
03101 Total,2,0,0,0,0,2,0,0,0,0,2,0,0,0
03102 Total,87,1,3,4,3,72,4,5,11,0,70,0,0,0
03103 Total,122,0,6,8,14,91,4,16,10,0,85,0,0,3
03104 Total,105,0,5,1,4,85,2,8,9,0,82,0,0,3
03106 Total,80,0,0,0,1,72,2,4,2,0,68,0,2,5
03108 Total,1,0,0,0,0,1,0,0,1,0,0,0,0,0
03109 Total,56,0,1,2,3,48,2,6,1,1,45,0,0,2
03110 Total,220,1,0,6,4,199,2,18,5,1,197,0,2,6
03216 Total,5,0,0,0,1,5,0,0,0,0,5,0,0,0
03220 Total,2,0,0,0,0,2,0,0,0,0,2,0,0,0
03224 Total,2,0,1,0,0,1,0,0,0,0,2,0,0,0
03229 Total,35,0,0,0,0,33,1,0,0,0,33,0,0,1
03234 Total,23,0,0,0,0,21,1,1,1,0,21,0,1,1
03235 Total,1,0,0,1,0,0,0,0,0,0,0,0,0,0
03242 Total,26,0,0,0,0,24,1,0,1,0,25,0,0,1
03244 Total,2,0,0,0,0,2,0,1,0,0,1,0,0,0
03246 Total,3,0,0,0,0,3,0,0,0,0,3,0,0,0
03249 Total,3,0,0,0,0,3,0,0,0,0,3,0,0,0
03254 Total,1,0,0,0,0,1,0,0,0,0,1,0,0,0
03255 Total,1,0,0,0,0,1,0,0,0,0,1,0,0,0
03256 Total,1,0,0,0,0,0,0,0,0,0,0,0,1,0
03258 Total,9,0,0,0,0,8,1,0,0,0,8,0,0,1
03261 Total,24,0,0,1,0,21,0,0,0,0,22,0,0,2
03263 Total,2,0,0,0,1,1,0,0,0,0,2,0,0,0
03268 Total,5,0,0,0,0,4,0,0,0,0,5,0,0,0
03269 Total,3,0,0,0,0,3,0,0,0,0,3,0,0,0
03275 Total,38,0,0,0,1,35,0,1,2,0,35,0,0,2
03276 Total,2,0,0,0,0,2,1,0,0,0,2,0,0,0
03278 Total,1,0,0,0,0,1,0,0,0,0,1,0,0,0
03280 Total,1,0,0,0,0,1,0,0,0,0,1,0,0,0
03281 Total,76,0,0,0,0,74,1,2,1,0,75,0,0,0
03287 Total,2,0,0,0,0,2,0,2,0,0,0,0,0,0
03290 Total,29,0,0,1,0,28,1,1,0,0,28,0,0,0
03301 Total,178,1,1,3,4,162,2,26,9,0,142,0,2,4
03302 Total,1,0,0,0,0,1,0,0,0,0,1,0,0,0
03303 Total,77,0,0,1,3,66,6,8,3,1,58,0,0,4
03304 Total,74,0,1,0,2,68,1,2,1,0,69,0,0,2
03307 Total,37,0,0,2,2,25,3,1,0,0,28,0,0,7
03431 Total,3,0,0,0,0,3,0,0,0,0,3,0,0,0
03458 Total,1,0,0,0,0,1,0,0,0,0,1,0,0,0
03580 Total,1,0,0,0,0,1,0,0,0,0,1,0,0,0
03608 Total,1,0,0,0,0,1,0,0,0,0,1,0,0,0
03741 Total,1,0,0,0,0,1,0,0,0,0,1,0,0,0
03743 Total,1,0,0,0,0,1,0,0,0,0,1,0,0,0
03745 Total,2,0,0,0,0,2,0,0,0,0,2,0,0,0
03801 Total,101,0,3,1,6,89,3,7,6,0,89,0,0,1
03802 Total,1,0,0,0,0,1,0,0,0,0,1,0,0,0
03804 Total,2,0,0,0,0,2,0,0,0,1,1,0,0,0
03811 Total,22,0,0,0,0,21,0,0,0,0,22,0,0,0
03819 Total,27,0,1,2,0,23,0,0,0,0,26,0,0,0
03820 Total,138,2,0,1,2,126,3,18,8,1,113,0,1,6
03823 Total,13,0,0,0,0,13,0,1,0,0,12,0,0,0
03824 Total,49,0,0,0,0,46,1,1,0,0,45,0,0,2
03825 Total,50,0,0,0,1,46,0,2,0,0,48,0,0,2
03826 Total,9,0,0,0,0,9,0,0,1,0,8,0,0,0
03827 Total,20,0,0,0,0,19,0,1,0,0,18,0,1,0
03833 Total,165,1,0,1,4,145,1,14,4,1,139,0,6,7
03835 Total,5,0,0,0,0,4,0,1,0,0,3,0,0,1
03837 Total,1,0,0,0,1,0,1,0,0,0,0,0,0,0
03839 Total,1,0,0,0,1,0,0,0,0,0,0,0,1,0
03840 Total,26,1,1,0,0,24,1,0,1,0,26,0,0,0
03841 Total,29,0,0,0,1,26,0,1,0,1,29,0,0,1
03842 Total,73,0,0,0,2,67,4,1,1,1,65,0,0,2
03843 Total,1,0,0,0,0,1,0,0,0,0,1,0,0,0
03844 Total,15,0,0,0,0,14,0,1,0,0,13,0,0,1
03848 Total,35,0,1,1,1,30,0,0,1,0,33,0,0,1
03851 Total,2,0,0,0,0,2,0,0,0,0,2,0,0,0
03854 Total,5,0,0,0,0,5,0,0,0,0,5,0,0,0
03855 Total,1,0,0,0,0,1,0,0,0,0,1,0,0,0
03856 Total,14,2,0,0,1,12,0,0,0,0,14,0,0,0
03857 Total,8,0,0,1,0,7,0,2,0,0,6,0,0,0
03858 Total,27,1,0,0,1,25,3,1,0,0,27,0,0,0
03861 Total,25,0,0,1,1,23,0,0,0,0,24,0,0,0
03862 Total,26,0,0,0,1,21,0,2,1,0,21,0,0,2
03864 Total,1,0,0,0,0,0,0,0,0,0,1,0,0,0
03865 Total,20,0,0,1,1,18,0,0,0,0,19,0,0,1
03867 Total,10,0,0,1,0,9,1,3,1,0,5,0,1,0
03868 Total,2,0,0,0,0,1,0,1,0,0,0,0,0,1
03869 Total,22,0,0,0,0,19,1,0,0,0,19,0,0,2
03870 Total,26,0,1,0,1,24,0,0,0,0,25,0,1,0
03871 Total,1,0,0,0,0,1,0,0,0,0,1,0,0,0
03873 Total,26,0,0,0,0,25,0,0,0,0,25,0,0,1
03874 Total,27,0,0,2,0,24,0,0,1,0,26,0,0,1
03878 Total,61,0,0,2,3,50,0,9,4,0,47,0,0,6
03884 Total,14,0,0,0,0,13,0,0,0,0,13,0,0,1
03885 Total,65,0,0,0,1,60,1,4,2,0,55,0,2,3
03894 Total,1,0,0,0,0,0,0,0,0,0,1,0,0,0
03901 Total,43,0,0,0,0,40,0,0,0,0,39,0,1,3
03902 Total,13,0,0,0,0,13,0,0,0,0,13,0,0,0
03903 Total,45,0,0,0,1,42,0,3,1,0,41,0,1,2
03904 Total,25,0,0,0,1,23,0,4,1,1,22,0,0,0
03905 Total,6,0,0,0,0,6,0,0,0,0,6,0,0,0
03906 Total,16,0,0,0,0,15,0,0,0,0,16,0,0,0
03907 Total,2,0,0,0,0,2,0,0,0,0,2,0,0,0
03908 Total,79,0,0,0,1,73,3,1,0,0,74,0,0,2
03909 Total,66,0,0,0,0,62,0,4,0,1,61,0,1,3
03910 Total,3,0,0,0,0,3,0,0,0,0,3,0,0,0
04001 Total,6,0,0,0,1,5,0,0,0,0,5,0,0,0
04002 Total,8,0,0,0,0,8,0,1,0,0,8,0,0,0
04004 Total,1,0,0,0,0,1,1,0,1,0,0,0,0,0
04005 Total,82,0,0,1,1,73,1,7,3,0,68,0,1,6
04009 Total,1,0,0,0,0,1,0,0,0,0,1,0,0,0
04011 Total,88,0,2,1,4,77,2,6,0,0,78,0,0,3
04015 Total,1,0,0,0,0,1,0,0,0,0,1,0,0,0
04017 Total,3,0,0,0,0,3,0,0,0,0,3,0,0,0
04020 Total,2,0,0,0,0,2,0,0,0,0,2,0,0,0
04021 Total,80,1,0,1,2,75,0,1,2,0,77,0,0,1
04027 Total,28,0,0,0,0,28,2,1,0,0,26,0,0,0
04029 Total,1,0,0,0,0,0,0,0,0,0,1,0,0,0
04030 Total,2,0,0,0,0,2,0,0,0,0,2,0,0,0
04032 Total,51,0,0,0,1,45,0,2,0,0,44,0,0,5
04038 Total,118,0,0,0,0,110,2,7,4,0,108,0,1,4
04039 Total,44,0,0,1,2,38,1,1,1,0,39,0,0,4
04042 Total,15,0,0,0,0,15,0,0,0,0,14,0,0,0
04043 Total,57,0,2,0,1,51,2,7,1,1,52,0,2,2
04046 Total,22,0,0,0,1,18,1,0,1,0,17,0,1,2
04048 Total,10,0,0,0,0,8,0,0,0,0,8,0,0,2
04049 Total,14,0,1,0,0,13,2,0,1,0,13,0,0,0
04050 Total,3,0,0,0,0,3,0,0,0,0,3,0,0,0
04054 Total,1,0,0,0,0,1,0,0,0,0,1,0,0,0
04061 Total,3,0,0,0,0,3,0,0,0,0,3,0,0,0
04062 Total,83,0,0,1,1,75,2,5,4,0,68,0,1,5
04064 Total,28,0,0,0,0,26,2,1,0,0,24,0,0,1
04069 Total,12,0,0,0,0,11,0,0,0,0,12,0,0,0
04070 Total,4,0,1,0,0,3,0,0,0,0,4,0,0,0
04071 Total,21,0,1,0,1,18,0,1,0,0,18,0,0,1
04072 Total,57,0,1,0,2,52,1,16,2,0,40,0,1,1
04073 Total,89,0,0,0,3,78,2,6,3,0,78,0,0,1
04074 Total,176,1,1,0,2,166,4,16,6,1,151,0,3,3
04076 Total,3,0,0,0,0,3,0,0,0,0,3,0,0,0
04079 Total,3,0,0,0,0,2,0,0,0,0,2,0,0,1
04083 Total,20,0,0,0,0,18,2,1,0,0,17,0,0,1
04084 Total,42,2,2,1,0,35,1,4,5,1,36,0,0,0
04085 Total,9,0,0,0,0,8,1,1,0,0,8,0,0,0
04086 Total,3,0,0,0,0,3,0,0,0,0,3,0,0,0
04087 Total,3,0,0,0,0,2,0,0,0,0,2,0,0,1
04090 Total,23,0,0,0,1,22,2,0,2,0,21,0,0,0
04091 Total,1,0,0,0,0,1,0,0,0,0,1,0,0,0
04092 Total,86,0,1,0,3,75,2,3,11,1,67,0,0,4
04093 Total,53,0,0,0,0,50,4,4,1,0,48,0,0,1
04096 Total,83,0,1,1,1,77,0,2,4,0,77,0,0,2
04097 Total,43,0,1,0,1,39,0,0,0,0,40,0,0,2
04101 Total,37,0,1,0,2,31,1,2,12,1,22,0,0,2
04102 Total,101,0,0,0,2,94,2,15,7,0,77,0,0,4
04103 Total,148,0,0,0,3,140,6,16,27,1,102,0,1,2
04105 Total,79,0,1,0,1,75,1,4,1,0,71,0,1,2
04106 Total,41,0,0,1,3,34,1,3,4,1,32,0,1,2
04107 Total,80,1,0,0,0,75,1,6,0,1,74,0,0,2
04108 Total,3,0,0,0,2,1,0,0,0,0,3,0,0,0
04110 Total,12,0,0,0,2,10,0,0,0,0,10,0,0,0
04210 Total,4,0,0,0,0,4,0,0,1,0,3,0,0,0
04222 Total,14,0,0,0,0,14,0,0,0,0,14,0,0,0
04240 Total,2,0,0,0,0,2,1,0,0,0,2,0,0,0
04250 Total,1,0,0,0,0,1,0,0,0,0,1,0,0,0
04252 Total,1,0,0,0,0,1,0,0,0,0,1,0,0,0
04260 Total,44,0,0,0,1,42,1,3,1,1,39,0,1,1
04268 Total,1,0,0,0,0,1,0,0,1,0,1,0,0,0
04270 Total,1,0,0,0,0,1,0,0,0,0,1,0,0,0
04280 Total,2,0,0,0,0,2,0,0,0,0,2,0,0,0
04287 Total,1,0,0,0,0,1,0,0,0,0,1,0,0,0
04342 Total,1,0,0,0,0,1,0,0,0,0,1,0,0,0
04401 Total,5,0,0,0,0,5,0,0,0,0,5,0,0,0
04414 Total,1,0,0,0,0,1,0,0,0,0,1,0,0,0
04530 Total,2,0,1,0,0,1,0,0,0,0,0,0,1,0
04579 Total,1,0,0,0,0,1,0,1,0,0,0,0,0,0
04841 Total,1,0,0,0,0,1,0,0,0,0,1,0,0,0
04967 Total,1,0,0,0,1,0,0,0,0,0,1,0,0,0
05032 Total,1,0,0,0,0,1,0,0,0,0,1,0,0,0
05035 Total,1,0,0,1,0,0,0,0,0,0,1,0,0,0
05056 Total,1,0,0,0,0,1,0,0,1,0,1,0,0,0
05063 Total,1,0,0,0,1,0,0,0,1,0,0,0,0,0
05089 Total,12,0,0,0,0,11,0,0,1,0,11,0,0,1
05091 Total,2,1,0,0,0,1,0,0,0,0,2,0,0,0
05101 Total,1,0,0,0,0,1,0,0,0,0,1,0,0,0
05142 Total,7,0,0,0,0,7,0,0,0,0,7,0,0,0
05143 Total,21,0,0,0,0,21,0,0,1,0,21,0,0,0
05146 Total,1,0,1,0,0,0,0,0,0,0,1,0,0,0
05148 Total,1,0,0,0,0,1,0,0,0,0,1,0,0,0
05149 Total,11,0,0,0,0,10,0,0,0,1,11,0,0,0
05150 Total,1,0,0,0,0,1,0,0,0,0,1,0,0,0
05151 Total,3,0,0,0,0,3,1,0,0,0,3,0,0,0
05153 Total,2,0,0,0,0,1,0,0,0,0,1,0,0,1
05154 Total,13,0,0,0,1,12,0,8,0,0,5,0,1,0
05155 Total,2,0,0,0,0,2,0,0,0,0,2,0,0,0
05156 Total,33,0,0,0,0,31,2,0,0,0,31,0,0,0
05201 Total,52,1,2,2,1,47,1,3,0,0,48,0,1,0
05250 Total,11,0,0,0,0,11,0,0,0,0,11,0,0,0
05255 Total,5,0,0,0,1,4,1,2,0,0,2,0,0,0
05257 Total,10,0,0,0,1,9,0,0,1,0,9,0,0,0
05260 Total,1,0,0,0,0,1,0,0,0,0,1,0,0,0
05261 Total,4,0,0,0,0,4,0,0,0,0,4,0,0,0
05262 Total,13,0,2,2,0,9,2,1,1,0,12,0,0,0
05301 Total,59,0,0,0,1,58,0,5,3,0,55,0,0,0
05302 Total,1,0,0,0,0,1,0,0,0,0,1,0,0,0
05303 Total,1,0,0,0,0,0,0,0,0,0,1,0,0,0
05340 Total,1,0,0,0,0,1,0,0,0,0,1,0,0,0
05343 Total,1,0,0,0,0,1,0,0,0,0,1,0,0,0
05344 Total,5,0,0,0,0,5,0,0,0,0,5,0,0,0
05345 Total,1,0,0,0,0,1,0,0,0,0,1,0,0,0
05346 Total,11,0,1,0,0,10,1,0,0,0,11,0,0,0
05353 Total,2,0,0,0,0,2,0,0,0,0,2,0,0,0
05354 Total,7,0,0,0,0,7,0,1,0,0,7,0,0,0
05356 Total,2,0,0,0,0,2,0,1,0,0,1,0,0,0
05357 Total,1,0,1,0,0,0,0,0,0,0,1,0,0,0
05358 Total,2,0,0,0,0,2,0,0,1,0,2,0,0,0
05360 Total,1,0,0,0,0,1,0,0,0,0,1,0,0,0
05361 Total,4,0,0,0,0,4,0,0,0,0,4,0,0,0
05363 Total,1,0,0,0,0,1,0,1,0,0,0,0,0,0
05401 Total,54,0,1,0,4,49,2,3,5,0,45,0,1,0
05403 Total,80,0,2,0,2,73,1,8,6,0,65,0,2,3
05404 Total,16,0,0,0,0,16,0,4,4,0,9,0,0,0
05408 Total,46,0,1,1,3,40,4,5,5,0,34,0,1,1
05443 Total,32,0,1,0,0,30,0,2,0,0,31,0,1,1
05444 Total,2,0,0,0,0,2,0,0,0,0,2,0,0,0
05445 Total,27,0,0,0,1,26,0,1,0,0,27,0,0,0
05446 Total,7,0,0,0,0,7,0,1,0,0,6,0,0,0
05452 Total,145,0,0,1,6,135,2,12,7,1,126,0,2,3
05454 Total,8,0,0,0,0,8,1,0,1,0,7,0,0,0
05455 Total,2,0,0,0,0,2,0,0,0,0,2,0,0,0
05456 Total,7,0,0,0,0,7,0,0,0,0,7,0,0,0
05458 Total,10,0,0,0,0,9,0,0,0,0,9,0,0,1
05461 Total,24,0,2,0,1,22,0,0,2,0,23,0,0,0
05462 Total,6,0,0,0,0,6,0,0,0,0,6,0,0,0
05464 Total,1,0,0,0,0,1,0,0,0,0,1,0,0,0
05465 Total,37,0,1,0,0,34,0,1,2,0,35,0,1,2
05468 Total,61,0,1,0,0,59,4,4,3,0,52,0,0,1
05469 Total,1,0,0,0,0,1,0,0,0,0,1,0,0,0
05472 Total,7,0,0,1,0,6,0,0,0,0,7,0,0,0
05473 Total,4,0,0,0,0,4,0,0,0,0,4,0,0,0
05477 Total,25,0,0,0,0,23,1,0,0,0,25,0,0,2
05478 Total,11,1,0,0,0,9,1,0,0,0,9,0,0,1
05482 Total,31,0,0,0,0,31,0,0,0,0,31,0,0,0
05486 Total,7,0,0,0,0,6,1,0,0,0,6,0,0,0
05487 Total,2,0,0,0,0,2,0,0,0,0,2,0,0,0
05488 Total,1,0,0,0,0,1,0,0,0,0,1,0,0,0
05489 Total,16,0,0,0,0,15,0,0,1,0,14,0,1,1
05491 Total,31,0,1,1,1,28,0,1,0,0,29,0,1,1
05494 Total,5,0,0,0,0,5,0,0,0,0,5,0,0,0
05495 Total,64,1,0,0,2,58,3,3,1,0,61,0,0,2
05641 Total,2,0,0,0,0,2,0,0,0,0,2,0,0,0
05672 Total,1,0,0,0,0,1,0,0,0,0,1,0,0,0
05676 Total,4,0,0,0,0,4,0,0,0,0,4,0,0,0
05677 Total,2,0,0,0,1,1,1,0,0,0,2,0,0,0
05701 Total,101,1,1,2,1,96,1,2,3,0,97,0,0,0
05732 Total,5,0,0,0,0,5,0,1,0,1,5,0,0,0
05733 Total,25,0,0,0,0,23,1,0,0,0,22,0,0,1
05734 Total,4,0,0,0,0,4,0,0,0,0,4,0,0,0
05735 Total,15,0,0,0,0,15,2,1,0,0,14,0,0,0
05736 Total,2,0,0,0,0,2,0,0,0,0,2,0,0,0
05737 Total,9,0,0,0,0,9,0,0,0,0,9,0,0,0
05738 Total,3,0,1,0,0,2,0,0,0,0,3,0,0,0
05739 Total,2,0,0,0,1,1,0,0,0,0,2,0,0,0
05740 Total,3,0,0,0,0,3,0,0,0,0,3,0,0,0
05742 Total,1,0,0,0,0,1,0,0,0,0,1,0,0,0
05743 Total,23,0,0,0,1,22,2,1,0,0,23,0,0,0
05744 Total,2,0,0,0,0,2,0,0,0,0,2,0,0,0
05748 Total,1,0,0,0,0,1,0,0,0,0,1,0,0,0
05750 Total,1,0,0,0,0,1,0,0,0,0,1,0,0,0
05751 Total,2,0,0,0,0,2,0,0,0,0,2,0,0,0
05753 Total,31,0,0,0,0,28,1,4,3,0,27,0,0,0
05757 Total,1,0,0,0,0,1,0,0,0,0,1,0,0,0
05758 Total,2,0,0,0,0,2,0,0,0,0,2,0,0,0
05759 Total,3,0,0,0,0,2,0,0,0,0,3,0,0,0
05760 Total,3,0,0,0,0,3,0,0,0,0,3,0,0,0
05761 Total,2,0,0,0,0,2,0,0,0,0,2,0,0,0
05763 Total,17,0,0,0,1,14,1,1,1,0,15,0,0,1
05764 Total,9,0,0,0,0,8,1,0,3,0,7,0,0,0
05765 Total,11,0,0,0,0,11,0,0,0,0,11,0,0,0
05766 Total,1,0,0,0,0,1,0,0,0,0,1,0,0,0
05769 Total,6,0,0,0,0,5,0,0,0,0,6,0,0,1
05770 Total,2,0,0,0,0,2,0,0,0,0,2,0,0,0
05773 Total,4,0,0,0,0,4,0,0,0,0,4,0,0,0
05774 Total,1,0,0,0,0,1,0,0,0,0,1,0,0,0
05776 Total,1,0,0,0,0,1,0,0,0,0,1,0,0,0
05777 Total,17,0,0,0,0,17,0,0,0,0,17,0,0,0
05778 Total,4,0,1,0,0,3,1,0,0,0,3,0,0,0
06001 Total,179,0,1,4,9,156,4,26,6,1,152,0,0,0
06002 Total,89,1,0,3,5,71,1,3,77,1,17,0,0,0
06006 Total,1,0,0,0,0,0,0,0,1,0,1,0,0,0
06010 Total,371,0,6,22,63,257,7,18,44,1,302,0,2,2
06011 Total,2,0,0,0,1,1,0,0,0,0,2,0,0,0
06013 Total,92,0,0,1,6,77,0,1,0,0,88,0,2,2
06016 Total,25,0,0,1,0,23,0,6,4,0,18,0,0,0
06018 Total,15,0,1,0,2,10,1,0,1,0,13,0,1,0
06019 Total,74,0,1,2,2,65,0,4,2,0,70,0,0,0
06021 Total,15,0,0,0,0,14,0,0,0,0,15,0,0,0
06023 Total,10,0,0,0,1,7,0,0,0,0,10,0,0,2
06024 Total,3,0,0,0,0,3,0,0,0,0,3,0,0,0
06026 Total,28,1,0,1,1,20,1,0,3,0,21,0,1,1
06027 Total,7,0,0,0,1,6,0,1,0,0,7,0,0,0
06029 Total,121,0,1,3,4,104,1,11,4,0,105,0,2,1
06030 Total,2,0,0,0,0,2,0,1,0,0,1,0,0,0
06031 Total,7,0,0,0,0,6,0,1,0,0,6,0,0,0
06032 Total,136,0,1,3,11,119,3,42,8,0,85,0,1,0
06033 Total,232,1,0,4,14,207,2,23,12,1,200,0,2,2
06035 Total,66,1,1,1,4,54,1,1,2,0,63,0,0,0
06037 Total,139,1,0,2,7,119,0,8,2,0,130,0,1,1
06039 Total,27,0,0,1,1,23,0,5,4,1,17,0,0,0
06040 Total,193,1,1,14,46,118,4,31,41,2,127,0,5,0
06042 Total,104,1,0,5,16,73,5,14,32,1,60,0,3,0
06043 Total,31,0,0,0,1,28,0,1,0,0,30,0,0,0
06051 Total,135,1,3,18,75,29,3,2,33,2,84,0,3,0
06052 Total,33,0,1,3,8,17,0,1,11,0,26,0,0,0
06053 Total,102,0,0,10,38,45,1,6,20,1,70,0,1,1
06057 Total,64,0,0,0,2,59,0,0,0,0,62,0,1,1
06058 Total,9,0,0,0,0,9,0,0,0,0,9,0,0,0
06060 Total,29,0,0,0,1,26,1,1,2,0,27,0,0,0
06061 Total,1,0,0,0,0,1,0,0,0,0,1,0,0,0
06062 Total,91,0,2,1,7,76,1,4,7,0,79,0,0,1
06063 Total,35,0,0,1,1,28,0,1,0,0,34,0,0,0
06065 Total,7,0,0,0,0,6,0,0,0,1,7,0,0,0
06066 Total,117,0,0,0,13,93,1,4,16,0,95,0,1,0
06067 Total,125,1,0,1,7,105,2,16,8,0,103,0,0,1
06068 Total,9,0,1,0,0,8,0,4,0,0,4,0,0,0
06069 Total,11,0,0,0,0,10,0,1,0,0,10,0,0,0
06070 Total,150,0,2,2,10,130,2,18,8,0,122,0,0,1
06071 Total,76,0,0,0,2,69,2,4,2,0,71,0,0,0
06072 Total,1,0,0,0,0,1,0,1,0,0,0,0,0,0
06073 Total,42,0,0,1,0,40,0,3,0,0,37,0,1,1
06074 Total,215,2,0,2,22,176,3,21,16,1,179,0,0,2
06076 Total,55,0,0,0,4,44,0,3,2,1,52,0,0,0
06078 Total,93,0,1,1,1,85,1,10,3,1,77,0,0,1
06081 Total,11,0,0,0,3,7,0,0,2,0,9,0,0,0
06082 Total,215,1,0,6,21,163,2,9,18,0,196,0,0,0
06084 Total,123,1,0,0,3,112,0,3,7,1,114,0,0,0
06085 Total,54,0,0,0,5,46,1,17,3,1,35,0,0,1
06087 Total,1,0,0,1,0,0,0,0,0,0,1,0,0,0
06088 Total,8,0,0,0,0,8,0,1,2,0,7,0,0,0
06089 Total,25,0,0,0,0,25,1,4,1,0,21,0,0,0
06090 Total,5,0,0,0,0,5,0,0,0,0,5,0,0,0
06091 Total,4,0,0,0,0,4,0,0,0,0,4,0,0,0
06092 Total,42,0,0,0,2,38,0,2,1,0,40,0,0,0
06093 Total,24,0,0,0,1,20,1,0,2,0,20,0,0,0
06095 Total,180,1,1,7,25,126,2,11,101,1,74,0,1,1
06096 Total,68,0,0,2,9,49,0,14,10,0,48,0,0,0
06098 Total,89,0,1,0,4,74,3,18,3,0,67,0,1,1
06100 Total,1,0,1,0,0,0,0,0,0,0,0,0,0,0
06101 Total,1,0,0,0,0,1,0,0,0,0,1,0,0,0
06103 Total,3,0,0,0,2,1,0,0,1,0,2,0,0,0
06105 Total,50,0,0,5,9,31,2,4,26,0,18,0,0,0
06106 Total,140,2,0,18,81,40,10,4,54,1,73,0,2,0
06107 Total,176,0,2,2,7,162,1,17,11,0,150,0,0,1
06108 Total,127,0,2,9,40,64,3,10,63,0,55,0,0,0
06109 Total,202,0,0,2,28,157,4,13,14,0,168,0,3,2
06110 Total,66,0,2,3,14,48,1,23,8,1,29,0,1,0
06111 Total,175,1,0,3,16,143,4,20,16,1,142,0,1,1
06112 Total,106,2,1,5,11,78,2,1,96,1,9,0,0,0
06114 Total,116,0,3,9,66,28,6,6,40,2,62,0,4,0
06117 Total,135,1,0,4,7,119,2,27,6,0,102,0,3,2
06118 Total,116,0,1,10,36,54,1,14,43,0,52,0,0,0
06119 Total,113,0,0,2,20,86,2,19,17,1,79,0,1,1
06120 Total,33,0,0,3,9,19,0,0,24,0,7,0,0,0
06127 Total,1,0,0,0,0,1,0,0,0,0,1,0,0,0
06133 Total,1,0,0,0,0,1,0,0,0,0,1,0,0,0
06231 Total,31,0,0,0,2,29,0,0,0,0,31,0,0,0
06232 Total,16,0,0,0,0,13,0,0,2,0,15,0,0,0
06237 Total,6,0,0,0,0,5,0,2,0,0,5,0,0,0
06238 Total,9,0,0,0,1,8,0,1,0,0,8,0,0,0
06241 Total,1,0,0,0,0,1,0,0,0,0,1,0,0,0
06248 Total,63,0,0,0,2,57,0,3,0,0,60,0,0,0
06249 Total,1,0,0,0,0,1,0,0,0,0,1,0,0,0
06280 Total,1,0,0,0,0,1,0,0,0,0,1,0,0,0
06300 Total,1,0,0,0,0,1,0,1,0,0,0,0,0,0
06333 Total,1,0,0,0,0,1,0,0,0,0,1,0,0,0
06340 Total,4,0,0,0,0,4,0,0,0,0,4,0,0,0
06357 Total,1,1,0,1,0,0,0,0,0,0,0,0,0,0
06360 Total,1,0,0,0,0,1,0,0,1,0,0,0,0,0
06370 Total,2,0,0,0,0,2,0,0,0,0,2,0,0,0
06374 Total,2,0,0,0,0,1,0,0,0,0,2,0,0,0
06377 Total,1,0,0,0,0,1,0,0,0,0,1,0,0,0
06378 Total,1,0,0,0,0,1,0,0,0,0,1,0,0,0
06385 Total,1,0,0,0,0,1,0,1,0,0,0,0,0,0
06401 Total,14,0,0,2,5,8,0,1,3,0,10,0,0,0
06403 Total,1,0,0,0,0,1,0,0,0,0,1,0,0,0
06404 Total,1,0,0,0,0,1,1,0,0,0,1,0,0,0
06405 Total,1,0,0,0,0,1,0,0,0,0,1,0,0,0
06410 Total,4,0,0,0,0,4,0,1,0,0,3,0,0,0
06413 Total,1,0,0,0,0,1,0,0,0,0,1,0,0,0
06414 Total,1,0,0,0,0,1,0,0,0,0,1,0,0,0
06415 Total,6,0,0,0,0,5,0,0,0,0,6,0,0,0
06416 Total,5,0,0,1,0,4,0,1,2,0,2,0,0,0
06418 Total,8,0,0,1,0,7,0,1,0,0,6,0,0,0
06422 Total,4,0,0,0,0,3,0,0,0,0,4,0,0,0
06423 Total,1,0,0,0,0,1,0,0,0,0,1,0,0,0
06424 Total,9,0,0,0,2,6,2,1,2,0,7,0,0,0
06426 Total,1,0,0,0,0,1,0,0,0,0,1,0,0,0
06437 Total,3,0,1,0,0,1,0,0,0,0,2,0,1,1
06441 Total,1,0,0,0,0,1,0,0,0,0,1,0,0,0
06443 Total,4,0,0,0,0,3,0,0,0,0,4,0,0,0
06444 Total,4,0,0,0,0,3,0,0,1,0,4,0,0,0
06447 Total,55,0,0,0,3,50,0,4,1,0,52,0,0,0
06450 Total,14,0,0,1,4,8,1,0,5,0,8,0,0,1
06451 Total,7,0,0,1,0,6,0,1,2,0,4,0,0,0
06455 Total,1,0,0,0,0,1,0,0,0,0,1,0,0,0
06456 Total,1,0,0,0,0,1,0,0,0,0,1,0,0,0
06457 Total,20,1,0,0,5,12,1,2,5,0,12,0,0,0
06460 Total,16,0,0,0,2,12,0,0,1,0,14,0,1,1
06461 Total,12,1,0,2,1,9,0,3,0,0,8,0,1,0
06467 Total,2,0,0,0,0,1,0,0,0,0,2,0,0,0
06468 Total,160,3,0,3,7,141,2,14,8,0,148,0,0,0
06470 Total,154,1,1,1,8,137,2,14,2,0,140,0,3,1
06471 Total,1,0,0,0,0,1,0,0,0,0,1,0,0,0
06472 Total,1,0,0,0,0,1,0,0,0,0,1,0,0,0
06473 Total,4,0,0,1,0,3,0,0,1,0,4,0,0,0
06477 Total,4,0,0,0,0,4,0,0,0,0,4,0,0,0
06478 Total,8,0,0,1,0,7,1,1,1,0,7,0,0,0
06479 Total,64,0,0,1,6,56,0,3,0,0,62,0,0,0
06480 Total,8,0,0,1,0,5,1,0,1,0,8,0,0,0
06482 Total,103,0,0,1,3,93,0,6,2,0,99,0,0,2
06483 Total,10,0,0,0,1,8,0,2,0,0,8,0,0,0
06484 Total,57,0,0,5,2,46,3,3,1,0,48,0,2,2
06488 Total,132,1,1,1,9,110,1,10,6,2,114,0,4,3
06489 Total,214,0,1,7,4,187,2,12,6,0,199,0,2,1
06492 Total,4,0,0,1,0,2,0,0,0,0,3,0,1,1
06511 Total,2,1,1,1,0,0,1,0,0,0,2,0,0,0
06514 Total,2,0,0,0,0,2,0,0,1,0,1,0,0,0
06515 Total,2,0,0,0,0,2,0,0,1,0,1,0,0,0
06516 Total,4,0,0,1,1,2,0,0,1,0,2,0,0,0
06517 Total,2,0,0,0,0,1,0,0,1,0,2,0,0,0
06518 Total,4,0,0,0,1,3,0,1,1,0,2,0,0,0
06524 Total,1,0,0,0,0,1,0,0,0,0,1,0,0,0
06525 Total,3,0,0,0,0,2,0,0,0,0,3,0,0,0
06604 Total,101,0,9,4,26,54,7,18,43,1,32,0,2,0
06605 Total,82,0,9,9,30,30,3,3,29,0,33,0,4,0
06606 Total,213,2,12,11,77,102,9,14,96,2,76,0,6,3
06607 Total,22,0,1,1,5,14,0,0,16,1,5,0,1,0
06608 Total,50,0,1,7,24,15,2,1,16,0,29,0,2,1
06610 Total,91,2,5,11,38,33,1,3,45,1,38,0,2,1
06611 Total,376,0,0,6,28,321,0,51,21,0,298,0,9,6
06612 Total,71,1,1,1,3,62,1,4,1,0,65,0,2,1
06614 Total,225,2,1,10,42,150,5,11,40,4,162,0,3,1
06615 Total,102,2,2,7,27,57,4,6,35,3,59,0,2,1
06701 Total,1,0,0,0,1,0,0,0,0,0,1,0,0,0
06702 Total,7,0,0,0,6,1,1,0,3,0,4,0,0,0
06704 Total,120,0,3,14,48,43,5,8,42,2,62,0,4,0
06705 Total,136,2,1,15,34,59,4,6,48,2,81,0,2,0
06706 Total,55,1,2,4,21,22,1,3,16,0,36,0,1,0
06708 Total,159,0,1,10,38,94,4,15,39,2,96,0,3,1
06710 Total,33,0,1,4,10,9,3,3,17,0,10,0,1,0
06712 Total,14,0,0,1,0,10,0,1,1,0,13,0,0,0
06716 Total,114,0,0,2,3,100,1,3,2,0,110,0,0,0
06722 Total,1,0,0,0,0,1,0,0,1,0,1,0,0,0
06750 Total,6,0,0,0,1,5,0,1,1,0,6,0,0,0
06751 Total,20,0,0,1,0,17,0,0,0,0,20,0,0,1
06752 Total,10,0,0,0,1,7,0,0,0,0,10,0,0,0
06753 Total,1,0,0,0,0,1,0,0,0,0,1,0,0,0
06754 Total,16,0,0,0,0,15,0,0,1,0,15,0,0,0
06755 Total,2,0,0,0,0,2,1,0,0,0,1,0,0,0
06756 Total,13,0,0,0,0,12,0,0,0,0,12,0,0,0
06757 Total,41,0,0,1,1,38,0,29,1,0,9,0,1,0
06758 Total,1,0,0,0,0,1,0,0,0,0,1,0,0,0
06759 Total,76,1,0,0,4,61,0,4,4,0,68,0,2,8
06762 Total,76,0,1,3,8,61,1,5,4,1,60,0,1,1
06763 Total,15,0,0,0,0,14,0,0,1,0,14,0,0,0
06770 Total,188,0,0,2,40,127,7,9,26,1,158,0,3,1
06776 Total,198,0,2,4,16,165,1,12,6,0,180,0,1,0
06777 Total,9,0,0,0,0,9,0,0,0,0,9,0,0,0
06778 Total,8,0,0,0,0,8,0,0,0,0,8,0,0,0
06779 Total,51,1,0,2,4,43,1,3,1,0,47,0,0,0
06782 Total,16,0,0,1,2,12,0,1,0,0,15,0,0,0
06783 Total,10,0,0,0,0,10,0,0,0,0,10,0,0,0
06784 Total,28,0,0,0,1,27,0,0,0,0,27,0,0,0
06785 Total,13,0,0,0,1,12,0,5,0,1,6,0,0,0
06786 Total,65,0,1,2,6,49,1,3,4,0,57,0,0,0
06787 Total,66,0,0,1,1,59,1,3,4,0,61,0,0,0
06790 Total,176,1,2,1,23,128,0,6,13,0,160,0,0,1
06791 Total,38,0,0,1,1,32,0,0,0,0,37,0,0,0
06793 Total,8,0,0,0,0,8,0,2,0,0,6,0,0,0
06794 Total,5,0,0,0,1,3,0,0,0,0,5,0,0,0
06795 Total,120,0,0,2,4,106,2,8,5,0,104,0,1,1
06796 Total,4,0,0,0,0,3,0,0,1,0,4,0,0,0
06798 Total,76,0,2,1,4,65,1,5,2,0,70,0,0,1
06801 Total,157,0,0,4,23,124,4,18,5,1,131,0,2,2
06804 Total,136,0,0,5,16,110,0,10,2,1,125,0,0,0
06807 Total,46,0,0,0,7,38,1,4,3,0,37,0,0,0
06810 Total,269,0,2,2,142,103,4,27,33,1,194,0,12,2
06811 Total,168,0,3,4,31,118,1,25,15,0,131,0,2,0
06812 Total,125,0,1,5,6,102,2,8,4,1,114,0,0,0
06813 Total,1,0,0,0,0,1,0,0,0,0,1,0,0,0
06820 Total,147,1,1,0,11,129,0,8,3,0,135,0,1,0
06824 Total,282,1,4,0,17,253,3,18,2,0,258,0,3,2
06825 Total,215,0,3,3,26,172,2,25,10,4,182,0,3,2
06830 Total,107,0,5,3,24,76,2,9,5,1,93,0,3,0
06831 Total,47,3,0,0,2,41,0,7,1,0,39,0,1,0
06840 Total,147,0,2,1,10,125,1,10,3,1,134,0,3,3
06850 Total,91,0,4,1,35,47,0,7,19,0,54,0,2,1
06851 Total,166,1,3,4,40,107,3,16,22,0,127,0,2,1
06853 Total,17,1,0,0,3,13,1,1,1,0,15,0,0,0
06854 Total,150,0,10,6,73,61,2,4,40,0,94,0,4,0
06855 Total,40,0,6,0,17,19,1,3,5,0,26,0,0,0
06870 Total,43,0,1,1,3,38,0,2,0,0,38,0,1,0
06876 Total,1,0,0,0,0,1,0,0,0,0,1,0,0,0
06877 Total,230,2,0,1,14,201,1,11,6,0,217,0,1,2
06878 Total,43,0,0,1,11,30,1,2,0,1,40,0,0,0
06880 Total,209,3,7,4,11,172,5,25,10,3,177,0,2,3
06883 Total,82,0,1,2,4,69,2,8,5,0,70,0,1,2
06890 Total,31,0,0,0,2,29,0,0,1,0,30,0,0,0
06896 Total,81,0,1,1,6,68,1,5,2,0,78,0,1,2
06897 Total,192,0,1,2,10,169,0,21,7,0,165,0,3,2
06901 Total,15,0,0,1,2,10,0,2,6,0,5,0,1,0
06902 Total,246,2,5,4,81,142,4,19,69,2,146,0,5,0
06903 Total,95,2,4,2,6,79,1,10,2,1,84,0,2,2
06905 Total,119,2,1,3,19,92,3,18,10,0,89,0,3,1
06906 Total,40,0,0,2,11,23,0,4,10,0,24,0,0,0
06907 Total,47,1,0,1,6,39,0,1,5,0,41,0,0,0
07005 Total,1,0,0,0,0,1,0,0,0,0,1,0,0,0
07020 Total,1,0,0,0,0,1,0,1,0,0,1,0,0,0
07036 Total,1,0,0,0,0,0,0,0,1,0,1,0,0,0
07040 Total,1,0,0,0,0,1,0,0,1,0,1,0,0,0
07042 Total,1,0,0,0,0,1,0,0,0,0,1,0,0,0
07043 Total,1,0,0,0,1,0,0,0,0,0,0,0,1,0
07093 Total,2,0,0,0,1,1,0,1,1,0,1,0,1,0
07107 Total,2,0,0,1,0,1,0,0,2,0,1,0,0,0
07110 Total,1,0,0,0,0,1,0,0,0,0,0,0,0,0
07114 Total,1,0,0,0,0,1,0,0,1,0,0,0,0,0
07204 Total,1,0,0,0,1,0,0,0,1,0,0,0,0,0
07205 Total,1,0,0,0,0,1,0,1,1,0,0,0,0,0
07417 Total,1,0,0,0,0,1,0,1,0,0,0,0,0,0
07450 Total,1,0,0,0,0,1,0,0,0,0,1,0,0,0
07640 Total,1,0,0,0,0,1,0,0,1,0,0,0,0,0
07641 Total,1,0,0,0,0,1,0,1,0,0,0,0,0,0
07657 Total,1,0,0,0,0,1,0,0,0,0,1,0,0,0
07661 Total,1,0,0,0,0,1,0,1,0,0,0,0,0,0
07666 Total,2,0,1,0,0,1,0,1,2,0,1,0,0,0
07716 Total,1,0,0,0,1,0,1,0,0,0,1,0,0,0
07746 Total,2,0,0,0,2,0,0,0,1,0,1,0,0,0
07760 Total,1,0,0,0,0,1,0,0,0,0,1,0,0,0
07901 Total,1,0,0,0,0,1,0,0,0,0,1,0,0,0
07931 Total,1,0,0,0,0,1,0,0,0,0,1,0,0,0
07935 Total,1,0,0,0,0,1,0,0,0,0,1,0,0,0
07940 Total,1,0,0,0,0,1,0,0,0,0,1,0,0,0
07960 Total,1,0,0,0,0,1,0,0,0,0,1,0,0,0
08205 Total,1,0,0,0,0,1,0,0,0,0,1,0,0,0
08270 Total,1,0,0,0,1,0,0,0,0,0,1,0,0,0
08520 Total,1,0,0,0,0,1,0,0,1,0,0,0,0,0
08525 Total,1,0,0,0,0,1,0,0,0,0,1,0,0,0
08540 Total,1,0,0,0,0,1,0,1,0,0,0,0,0,0
08619 Total,1,0,0,0,0,1,0,0,0,0,1,0,0,0
08822 Total,1,0,0,0,0,1,0,0,1,0,0,0,0,0
08904 Total,1,0,0,0,0,1,0,0,1,0,0,0,0,0
09468 Total,1,0,0,0,0,1,0,0,0,0,1,0,0,0
09852 Total,1,0,0,0,1,0,0,0,0,0,1,0,0,0
10001 Total,1,0,0,0,0,1,0,0,1,0,0,0,0,0
10004 Total,1,0,0,0,0,1,0,1,0,0,0,0,0,0
10007 Total,1,0,0,0,1,0,0,0,0,0,1,0,0,0
10011 Total,1,0,0,0,0,1,0,0,0,0,1,0,0,0
10017 Total,1,0,0,0,0,0,0,1,0,0,0,0,0,1
10019 Total,1,0,0,0,0,1,0,0,0,0,1,0,0,0
10021 Total,2,1,0,0,2,0,0,0,0,0,2,0,0,0
10022 Total,1,0,0,0,0,1,0,1,0,0,0,0,0,0
10023 Total,1,0,0,0,0,1,0,0,0,0,1,0,0,0
10025 Total,2,0,0,0,0,2,0,1,0,0,2,0,0,0
10027 Total,1,0,0,0,0,1,0,0,0,0,1,0,0,0
10028 Total,1,0,0,0,0,1,0,0,0,0,1,0,0,0
10033 Total,1,0,0,0,1,0,0,0,0,0,0,0,0,0
10069 Total,1,0,0,0,0,1,0,1,0,0,0,0,0,0
1010 Total,1,0,0,0,0,1,0,0,0,0,1,0,0,0
10128 Total,3,0,0,0,1,2,0,0,0,0,2,0,0,0
10309 Total,1,0,0,0,0,1,0,0,1,0,0,0,0,0
10452 Total,1,0,0,0,1,0,0,0,1,0,0,0,0,0
10457 Total,2,0,1,1,0,0,0,0,1,0,0,0,0,0
10458 Total,1,0,1,0,0,0,0,0,0,0,0,0,0,0
10461 Total,2,0,0,1,0,1,1,0,1,0,2,0,0,0
10463 Total,1,0,0,0,1,0,0,0,1,0,0,0,0,0
10466 Total,2,0,0,0,0,2,0,0,2,0,0,0,0,0
10468 Total,1,0,0,1,1,0,0,0,1,0,0,0,0,0
10469 Total,1,0,0,0,0,1,0,0,1,0,0,0,0,0
10473 Total,2,0,0,0,0,2,0,1,1,0,0,0,0,0
10475 Total,1,0,0,0,0,1,0,0,1,0,1,0,0,0
10504 Total,1,1,0,0,1,0,0,0,0,0,1,0,0,0
10506 Total,1,0,0,0,0,1,0,0,0,0,1,0,0,0
10509 Total,2,0,0,0,0,1,0,0,0,0,2,0,0,0
10510 Total,1,0,0,0,1,0,0,0,0,0,1,0,0,0
10512 Total,1,0,0,0,0,1,0,0,0,0,1,0,0,0
10518 Total,2,0,0,0,0,2,0,0,0,0,2,0,0,0
10522 Total,2,0,0,0,0,2,0,0,0,0,2,0,0,0
10526 Total,1,0,0,0,0,1,0,0,0,0,1,0,0,0
10528 Total,2,0,0,0,0,2,0,0,0,0,2,0,0,0
10536 Total,2,0,0,0,0,2,0,0,0,0,2,0,0,0
10538 Total,1,0,0,0,0,1,0,0,0,1,1,0,0,0
10541 Total,3,0,0,0,1,1,0,0,0,0,3,0,0,1
10543 Total,2,0,0,0,0,2,0,0,0,0,2,0,0,0
10549 Total,2,0,0,0,0,2,0,0,0,0,2,0,0,0
10553 Total,1,0,0,0,0,1,0,0,1,0,0,0,0,0
10560 Total,1,0,0,0,0,1,0,0,0,0,1,0,0,0
10570 Total,1,0,0,0,0,1,0,0,0,0,1,0,0,0
10573 Total,4,0,0,0,1,3,0,1,0,0,2,0,0,0
10577 Total,1,0,0,0,0,1,0,0,0,0,1,0,0,0
10580 Total,5,0,0,0,0,5,0,0,0,0,5,0,0,0
10589 Total,1,0,0,0,0,1,0,0,0,0,1,0,0,0
10590 Total,1,0,0,0,0,1,0,0,0,0,1,0,0,0
10594 Total,1,0,0,0,0,1,0,0,0,0,1,0,0,0
10597 Total,2,0,0,0,0,2,0,0,0,0,2,0,0,0
10598 Total,1,0,0,0,0,1,0,0,0,0,1,0,0,0
10701 Total,2,0,0,1,0,1,0,0,2,0,0,0,0,0
10706 Total,1,0,0,0,0,1,0,0,0,0,1,0,0,0
10708 Total,1,0,0,0,0,1,0,0,0,0,1,0,0,0
10710 Total,1,0,0,0,0,1,0,0,0,0,1,0,0,0
10801 Total,2,0,0,0,0,2,0,0,1,0,1,0,0,0
10804 Total,1,0,0,0,0,1,0,0,0,0,1,0,0,0
10805 Total,1,0,0,0,1,0,0,0,0,0,1,0,0,0
11050 Total,1,0,0,0,0,1,0,0,0,0,1,0,0,0
11120 Total,1,0,0,0,0,1,0,1,0,0,0,0,0,0
11206 Total,1,0,0,0,0,1,0,0,1,0,0,0,0,0
11207 Total,1,0,0,0,0,1,0,0,1,0,0,0,0,0
11212 Total,1,0,0,0,0,0,0,0,1,0,0,0,0,0
11217 Total,1,0,0,0,0,1,0,0,1,0,0,0,0,0
11218 Total,1,0,0,0,0,1,0,0,1,0,0,0,0,0
11231 Total,1,0,0,0,0,1,0,0,1,0,1,0,0,0
11233 Total,1,0,0,0,0,1,0,0,1,0,0,0,0,0
11236 Total,2,0,0,0,0,2,0,0,2,0,0,0,0,0
11237 Total,1,0,0,0,1,0,0,0,0,0,0,0,0,0
11362 Total,1,0,0,0,0,1,0,0,0,0,1,0,0,0
11373 Total,1,0,1,0,0,0,0,0,0,0,0,0,0,0
11412 Total,1,0,0,0,0,1,0,0,1,0,0,0,0,0
11413 Total,1,0,0,0,0,1,0,0,1,0,0,0,0,0
11416 Total,1,0,0,1,1,0,0,0,0,0,0,0,1,0
11422 Total,1,0,0,0,0,1,0,0,1,0,0,0,0,0
11432 Total,1,0,0,0,1,0,0,0,0,0,0,0,1,0
11434 Total,1,0,0,0,0,1,0,0,1,0,0,0,0,0
11436 Total,1,0,0,0,0,1,0,0,1,0,0,0,0,0
11510 Total,2,0,0,0,0,2,0,0,1,0,1,0,0,0
11560 Total,1,0,0,0,0,1,0,0,0,0,1,0,0,0
11569 Total,1,0,0,0,0,1,0,0,0,0,1,0,0,0
11720 Total,1,0,0,0,0,1,1,0,0,0,1,0,0,0
11771 Total,1,0,0,0,0,1,0,0,0,0,1,0,0,0
11949 Total,1,0,0,0,0,1,0,0,0,0,1,0,0,0
11952 Total,1,0,0,0,0,1,0,1,0,0,0,0,0,0
12020 Total,1,0,0,0,0,1,0,0,0,0,1,0,0,0
12047 Total,2,0,0,0,0,2,0,0,2,0,0,0,0,0
12057 Total,1,0,0,0,0,1,0,1,0,0,0,0,0,0
12150 Total,1,0,0,0,1,0,0,0,0,0,0,0,0,0
12545 Total,1,0,0,0,0,0,0,0,0,0,0,0,1,1
12546 Total,1,0,0,0,0,1,0,0,0,0,1,0,0,0
12550 Total,2,0,1,0,0,1,1,0,0,0,1,0,0,0
12563 Total,1,0,0,0,0,1,0,0,0,0,1,0,0,0
12571 Total,1,0,0,0,0,1,0,0,0,0,1,0,0,0
12603 Total,1,0,0,0,0,1,0,0,0,0,1,0,0,0
12816 Total,1,0,0,0,0,1,0,0,0,0,1,0,0,0
12819 Total,2,0,0,0,0,2,0,0,0,0,2,0,0,0
12884 Total,1,0,0,0,0,0,0,1,0,0,0,0,0,0
12887 Total,11,0,1,0,0,10,0,0,0,0,10,0,0,0
13335 Total,1,0,0,0,0,1,0,0,0,0,1,0,0,0
14031 Total,1,0,0,0,0,1,0,0,0,0,1,0,0,0
14512 Total,1,0,0,0,0,1,0,0,0,0,1,0,0,0
14618 Total,1,0,0,0,0,1,0,0,0,0,1,0,0,0
14830 Total,1,0,0,0,0,1,0,0,0,0,1,0,0,0
15220 Total,1,0,0,0,0,1,0,0,0,0,1,0,0,0
15658 Total,1,0,0,0,0,1,0,0,0,0,1,0,0,0
168-0 Total,1,0,0,0,0,1,0,1,0,0,0,0,0,0
16875 Total,1,0,0,0,0,1,0,0,0,0,1,0,0,0
17837 Total,1,0,0,0,1,0,0,0,0,0,0,0,0,0
18301 Total,1,0,0,0,0,1,0,0,1,0,0,0,0,0
18323 Total,1,0,0,0,0,1,0,0,0,0,1,0,0,0
18938 Total,1,0,0,0,0,0,0,0,1,0,1,0,0,1
19035 Total,1,0,0,0,0,1,0,0,0,0,1,0,0,0
19038 Total,1,0,0,0,0,1,0,0,0,0,1,0,0,0
19041 Total,1,0,0,0,0,1,0,0,0,0,1,0,0,0
19096 Total,1,0,0,0,0,1,0,0,0,0,1,0,0,0
19320 Total,1,0,0,0,0,0,0,0,0,0,0,0,1,1
19380 Total,1,0,0,0,0,1,0,0,0,0,1,0,0,0
19464 Total,1,0,0,0,1,0,0,0,0,0,0,0,0,0
19526 Total,1,0,0,0,0,1,0,1,0,0,0,0,0,0
19709 Total,1,0,0,0,0,1,0,0,1,0,1,0,0,0
19970 Total,1,0,0,0,0,1,0,0,0,0,1,0,0,0
20000 Total,1,0,0,0,0,0,0,1,0,0,0,0,0,1
20007 Total,1,0,0,0,0,1,0,0,0,0,1,0,0,0
20015 Total,1,0,0,0,0,1,0,0,0,0,1,0,0,0
20016 Total,1,0,0,0,0,1,0,0,0,0,1,0,0,0
20018 Total,1,0,0,0,0,1,0,0,1,0,0,0,0,0
20151 Total,1,0,0,0,0,1,0,0,1,0,0,0,0,0
20165 Total,1,0,0,0,0,1,0,1,0,0,0,0,0,0
20190 Total,5,0,0,0,2,2,0,0,0,0,4,0,1,0
20814 Total,1,0,0,0,0,1,0,0,0,1,0,0,0,0
20815 Total,1,0,0,0,0,1,0,0,0,0,1,0,0,0
21042 Total,1,0,0,0,0,1,0,0,1,0,0,0,0,0
21212 Total,1,0,0,0,0,1,0,0,1,0,0,0,0,0
21222 Total,1,0,0,0,0,1,0,0,1,0,0,0,0,0
21500 Total,1,0,0,0,0,1,0,1,0,0,0,0,0,0
21771 Total,1,0,0,0,0,1,0,0,0,0,1,0,0,0
22044 Total,1,0,0,0,0,1,0,1,0,0,1,0,0,0
22066 Total,2,0,0,0,0,2,0,1,0,0,1,0,0,0
22182 Total,1,0,0,0,0,1,0,0,0,0,1,0,0,0
22304 Total,1,0,0,0,0,1,0,0,0,0,1,0,0,0
22793 Total,1,0,0,0,1,0,0,0,0,0,1,0,0,0
23059 Total,1,0,0,0,0,1,0,0,0,0,1,0,0,0
23320 Total,1,0,0,0,0,1,0,0,1,0,0,0,0,0
24017 Total,1,0,0,1,0,0,1,0,1,0,0,0,0,0
24503 Total,1,0,0,0,0,1,0,0,0,0,1,0,0,0
26025 Total,1,0,0,0,0,1,0,0,0,0,1,0,0,0
27502 Total,1,0,0,0,0,1,0,0,0,0,1,0,0,0
27516 Total,1,0,0,0,0,1,0,0,0,0,1,0,0,0
27519 Total,1,0,0,0,0,1,0,0,1,0,0,0,0,0
27587 Total,1,0,0,0,0,1,0,0,1,0,0,0,0,0
27613 Total,1,0,0,0,0,1,0,0,0,0,1,0,0,0
27615 Total,1,0,0,0,0,1,0,0,0,0,1,0,0,0
28006 Total,1,0,0,0,1,0,0,0,0,0,1,0,0,0
28037 Total,1,0,0,0,0,1,0,0,0,0,1,0,0,0
28078 Total,1,0,0,0,0,1,0,0,0,0,1,0,0,0
28712 Total,1,0,0,0,0,1,0,0,0,0,1,0,0,0
28803 Total,1,0,0,0,0,1,0,0,0,0,1,0,0,0
29492 Total,1,0,0,0,0,1,0,0,0,0,1,0,0,0
29607 Total,1,0,0,1,1,0,0,0,0,0,0,0,0,0
29681 Total,1,0,0,0,0,1,0,0,0,0,1,0,0,0
29926 Total,1,0,0,0,0,1,0,0,0,0,1,0,0,0
30009 Total,1,0,0,0,0,1,0,0,0,0,1,0,0,0
30047 Total,1,0,0,0,0,1,0,0,1,0,0,0,0,0
30052 Total,1,0,0,0,0,1,0,0,1,0,0,0,0,0
30078 Total,1,0,0,0,0,1,0,0,0,0,1,0,0,0
30087 Total,1,0,0,0,0,1,0,0,1,0,0,0,0,0
30277 Total,1,0,0,0,0,1,0,0,0,0,1,0,0,0
30327 Total,1,0,0,0,0,1,0,0,0,0,1,0,0,0
30349 Total,1,0,0,0,0,1,0,0,1,0,0,0,0,0
32084 Total,1,0,0,0,0,1,0,0,0,0,1,0,0,0
32114 Total,1,1,0,1,1,0,0,0,0,0,0,0,0,0
32137 Total,1,0,0,0,0,1,0,0,0,0,1,0,0,0
32164 Total,1,1,0,0,0,0,0,0,0,0,1,0,0,0
32703 Total,1,0,0,1,1,0,0,0,1,0,0,0,0,0
32828 Total,1,0,0,0,0,1,0,0,0,0,1,0,0,0
33067 Total,1,0,0,0,0,1,0,0,0,0,1,0,0,0
33133 Total,1,0,0,0,1,0,0,0,0,0,1,0,0,0
33137 Total,1,0,0,0,0,1,1,0,0,0,0,0,0,0
33139 Total,1,0,0,0,0,1,0,0,0,0,1,0,0,0
33149 Total,1,0,0,0,1,0,0,0,0,0,1,0,0,0
33178 Total,1,0,0,1,0,0,0,0,0,0,1,0,0,0
33316 Total,1,1,0,0,0,0,0,0,0,0,1,0,0,0
33401 Total,1,0,0,0,1,0,0,0,0,0,0,0,1,0
33432 Total,3,0,0,1,0,2,0,0,0,0,3,0,0,0
33433 Total,1,0,0,0,0,1,0,0,0,0,1,0,0,0
33444 Total,1,0,0,0,0,1,0,0,0,0,1,0,0,0
33446 Total,1,0,0,0,0,1,0,0,0,0,1,0,0,0
33480 Total,1,0,0,0,0,1,0,0,0,0,1,0,0,0
33545 Total,1,0,0,0,0,1,0,0,0,0,1,0,0,0
33611 Total,1,0,0,0,0,1,0,0,0,0,1,0,0,0
33617 Total,1,0,0,0,0,1,1,0,0,0,0,0,0,0
33706 Total,1,0,0,0,0,1,0,0,0,0,1,0,0,0
33904 Total,1,0,0,0,0,1,0,0,0,0,1,0,0,0
34103 Total,1,0,0,0,0,1,0,0,0,0,1,0,0,0
34108 Total,1,0,0,0,0,1,0,0,0,0,1,0,0,0
34202 Total,1,0,0,0,0,1,0,0,0,0,1,0,0,0
34229 Total,1,0,0,0,0,1,0,0,0,0,1,0,0,0
34233 Total,1,0,0,0,0,1,0,0,0,0,1,0,0,0
34471 Total,1,0,0,0,0,1,0,0,0,0,1,0,0,0
34472 Total,1,0,0,0,0,1,0,0,1,0,0,0,0,0
34698 Total,1,0,0,0,0,1,0,0,0,0,1,0,0,0
34730 Total,1,0,0,0,0,1,0,0,0,0,1,0,0,0
36301 Total,1,0,0,0,0,1,0,0,0,0,0,0,0,0
38002 Total,1,0,0,0,1,0,0,0,0,0,1,0,0,0
39046 Total,1,0,0,0,0,1,0,0,0,0,1,0,0,0
43081 Total,1,0,0,0,0,1,0,0,1,0,0,0,0,0
44022 Total,1,0,0,0,0,1,0,0,0,0,1,0,0,0
44512 Total,1,0,1,0,0,0,0,0,0,0,1,0,0,0
44803 Total,1,0,0,0,0,1,0,0,0,0,1,0,0,0
45244 Total,1,0,0,0,0,1,0,0,0,0,1,0,0,0
46077 Total,1,0,0,0,0,1,0,0,0,0,1,0,0,0
47374 Total,1,0,0,1,0,0,0,0,0,0,1,0,0,0
48230 Total,1,0,0,0,1,0,0,0,0,0,0,0,0,0
48304 Total,1,0,0,0,0,1,1,0,1,0,0,0,0,0
48307 Total,1,0,0,0,0,1,0,0,0,0,1,0,0,0
52300 Total,1,0,0,0,0,1,0,1,0,0,0,0,0,0
52641 Total,1,0,0,0,0,1,0,0,0,0,1,0,0,0
53202 Total,1,0,0,0,0,1,0,0,0,0,1,0,0,0
55105 Total,1,0,0,0,0,1,0,0,0,0,1,0,0,0
55391 Total,1,0,0,0,1,0,0,0,0,0,1,0,0,0
56440 Total,1,0,1,0,0,0,0,0,0,0,1,0,0,0
59801 Total,1,0,0,0,0,1,0,0,0,0,1,0,0,0
60025 Total,1,0,0,0,0,1,0,0,0,0,1,0,0,0
60035 Total,1,0,0,0,0,1,0,0,0,0,1,0,0,0
60045 Total,1,0,0,0,0,0,0,0,0,0,0,0,0,1
60061 Total,1,0,0,0,0,1,0,0,1,0,0,0,0,0
60148 Total,1,0,0,0,0,1,0,1,0,0,0,0,0,0
60637 Total,1,0,0,0,0,1,0,0,0,0,1,0,0,0
60640 Total,1,0,0,0,0,1,0,0,1,0,0,0,0,0
60642 Total,1,0,0,0,1,0,0,0,0,0,1,0,0,0
60651 Total,1,0,1,1,0,0,0,0,0,0,0,0,0,0
60652 Total,1,0,0,0,0,1,0,0,1,0,1,0,0,0
60657 Total,1,0,0,0,0,0,0,0,0,0,1,0,0,0
61920 Total,1,0,0,0,0,1,0,0,0,0,1,0,0,0
70517 Total,1,0,0,0,0,1,0,0,0,0,1,0,0,0
70599 Total,1,0,0,0,0,0,0,0,0,0,1,0,0,0
73120 Total,1,0,0,0,0,1,0,0,1,0,0,0,0,0
73542 Total,1,0,0,0,0,1,0,0,0,0,1,0,0,0
74114 Total,1,0,0,0,0,1,0,0,0,0,1,0,0,0
75033 Total,1,0,0,0,0,1,0,0,0,0,1,0,0,0
75035 Total,2,0,0,0,0,2,0,1,0,0,1,0,0,0
75070 Total,1,0,0,0,0,1,0,0,0,0,1,0,0,0
75074 Total,1,0,0,0,0,1,0,1,0,0,0,0,0,0
75703 Total,1,0,0,0,1,0,0,0,1,0,0,0,0,0
77024 Total,2,0,0,0,0,2,0,1,0,0,2,0,0,0
77059 Total,1,0,0,0,0,1,0,1,0,0,1,0,0,0
77092 Total,1,0,0,0,1,0,0,0,0,0,0,0,0,0
77494 Total,1,0,0,0,0,1,0,1,0,0,0,0,0,0
78230 Total,1,0,0,1,0,0,0,0,0,0,1,0,0,0
79912 Total,1,0,1,0,0,0,0,0,0,0,0,0,0,0
80013 Total,1,0,0,0,0,1,0,1,0,0,0,0,0,0
80220 Total,1,0,0,0,1,0,0,0,0,0,1,0,0,0
80477 Total,1,0,0,0,0,1,0,0,0,0,1,0,0,0
81131 Total,1,0,0,0,0,1,0,0,0,0,1,0,0,0
84004 Total,1,0,0,0,0,1,0,0,1,0,0,0,0,0
84037 Total,1,0,0,0,0,1,0,0,0,0,1,0,0,0
84098 Total,1,0,0,0,0,1,0,0,0,0,1,0,0,0
85086 Total,1,0,0,0,1,0,0,0,0,0,0,0,0,0
85249 Total,1,0,0,0,1,0,0,0,0,0,0,0,0,0
85283 Total,1,0,0,0,0,1,0,1,0,0,0,0,0,0
85613 Total,1,1,0,0,1,0,0,0,1,0,0,0,0,0
87547 Total,1,0,0,0,0,1,0,0,0,0,1,0,0,0
89144 Total,1,0,0,0,0,1,0,0,0,0,1,0,0,0
90020 Total,2,0,0,0,0,2,0,2,0,0,0,0,0,0
90045 Total,2,0,0,0,0,2,0,0,1,0,1,0,0,0
90265 Total,1,0,0,0,0,1,0,0,0,0,1,0,0,0
91325 Total,1,0,0,0,0,1,0,0,0,0,1,0,0,0
91355 Total,1,0,0,0,0,1,0,0,0,0,1,0,0,0
91604 Total,1,0,0,0,0,0,0,0,0,0,1,0,0,1
92618 Total,1,0,0,0,0,1,0,1,0,0,0,0,0,0
92660 Total,1,0,0,0,0,1,0,0,0,0,1,0,0,0
92663 Total,1,0,0,0,0,1,0,0,0,0,1,0,0,0
92706 Total,2,0,2,0,1,0,0,0,0,0,1,0,0,0
94010 Total,1,0,0,0,0,1,0,0,0,0,1,0,0,0
94602 Total,1,0,0,0,1,0,0,0,0,0,1,0,0,0
94941 Total,1,0,0,0,0,1,0,0,0,0,1,0,0,0
94960 Total,1,0,0,0,0,1,0,0,0,0,1,0,0,0
95070 Total,1,0,0,0,0,1,0,1,0,0,0,0,0,0
95492 Total,1,0,0,0,0,1,0,0,1,0,1,0,0,0
97133 Total,1,0,1,0,0,0,0,0,0,0,0,0,0,0
97361 Total,1,0,0,0,0,0,0,0,0,0,0,0,1,1
98034 Total,1,0,0,0,0,1,0,1,0,0,1,0,0,0
98040 Total,1,0,0,0,0,1,0,0,0,0,1,0,0,0
98056 Total,1,0,0,0,0,1,0,0,0,0,1,0,0,0
98074 Total,1,0,0,0,0,1,0,0,0,0,1,0,0,0
98109 Total,1,0,0,0,0,1,0,0,0,0,1,0,0,0
98125 Total,1,0,0,0,0,1,0,0,0,0,1,0,0,0
98684 Total,1,0,0,0,0,1,0,0,0,0,1,0,0,0
B2W 6 Total,1,0,0,0,0,1,0,0,0,0,1,0,0,0
DV-07 Total,1,0,0,0,0,1,0,0,0,0,1,0,0,0
G2C 1 Total,1,0,0,0,0,1,0,0,0,0,1,0,0,0
H3Y 2 Total,2,0,0,0,0,2,0,0,0,0,2,0,0,0
H9A 2 Total,1,0,0,0,0,1,0,0,1,0,0,0,0,0
L1N 6 Total,1,0,0,0,0,1,0,0,0,0,1,0,0,0
No Zip Code Total,32,0,0,0,4,22,1,12,3,0,14,0,0,2
V6Z 1 Total,1,0,0,0,0,1,0,0,1,0,1,0,0,0
Grand Total,36202,139,388,1248,3565,29015,795,3032,3884,211,28254,1,549,608