High School Code,Total Students,Cuban,Mexican,Puerto Rican,Other Hispanic or Latino,Non-Hispanic or Latino,American Indian or Alaskan Native,Asian,Black or African American,Native Hawaiian or Other Pacific Islander,White,Other,I do not wish to respond – race,I do not wish to respond – ethnicity
000003 Total,17,0,0,1,0,14,0,2,4,0,9,0,1,2
000004 Total,8,0,0,0,1,7,0,4,1,0,3,0,0,0
003545 Total,1,0,0,0,1,0,0,0,0,0,1,0,0,0
050997 Total,1,0,0,0,0,1,0,1,0,0,0,0,0,0
051298 Total,1,0,0,0,0,1,0,1,0,0,0,0,0,0
052256 Total,2,0,0,0,0,2,0,2,0,0,0,0,0,0
070008 Total,130,0,1,3,9,109,4,14,7,0,112,0,0,0
070010 Total,45,1,0,0,1,42,0,9,3,1,34,0,1,1
070020 Total,148,1,0,2,9,125,0,7,5,0,137,0,1,3
070025 Total,138,0,0,3,21,110,2,12,4,1,118,0,1,1
070026 Total,6,1,0,1,0,5,0,2,0,0,5,0,0,0
070028 Total,1,0,0,0,0,1,0,0,0,0,1,0,0,0
070030 Total,52,1,0,2,4,40,1,1,46,1,9,0,0,0
070031 Total,14,0,0,1,2,9,0,0,8,0,6,0,0,0
070034 Total,45,2,0,2,7,32,0,2,22,0,22,0,1,0
070038 Total,34,0,0,0,1,30,0,3,0,0,32,0,0,0
070045 Total,27,0,4,2,7,12,2,2,13,0,6,0,0,0
070048 Total,12,0,0,1,5,5,0,0,8,0,4,0,0,1
070050 Total,90,0,4,3,52,29,1,1,31,1,57,0,3,0
070053 Total,52,4,6,4,13,27,4,3,25,1,15,0,4,2
070055 Total,125,0,9,7,41,52,6,11,55,0,41,0,3,1
070057 Total,101,0,4,9,13,76,2,17,21,0,55,0,6,0
070060 Total,4,0,0,0,0,3,0,3,1,0,0,0,0,0
070066 Total,2,0,0,0,1,1,0,1,0,0,2,0,0,0
070069 Total,1,0,0,0,0,0,1,0,0,0,1,0,0,0
070070 Total,37,1,1,4,14,12,1,1,20,0,11,0,0,1
070071 Total,3,0,0,0,0,3,0,0,0,0,3,0,0,0
070072 Total,34,0,2,7,8,17,0,2,14,0,11,0,1,0
070073 Total,55,0,3,8,9,33,2,6,17,3,26,0,0,0
070074 Total,69,2,1,4,23,33,4,4,20,1,41,0,1,0
070075 Total,176,0,4,11,32,119,5,12,25,1,134,0,2,0
070076 Total,134,0,1,7,24,93,2,3,11,0,116,0,0,1
070082 Total,91,0,1,3,2,84,2,7,3,0,79,0,3,1
070083 Total,2,0,0,0,0,0,0,0,1,0,1,0,0,0
070084 Total,18,0,0,2,9,5,2,0,5,0,11,0,0,0
070085 Total,118,0,0,2,13,99,0,8,2,1,109,0,0,0
070087 Total,9,0,0,0,3,4,1,0,6,0,3,0,0,0
070090 Total,1,0,0,0,0,1,0,0,0,0,1,0,0,0
070115 Total,69,0,1,0,3,61,0,2,5,0,61,0,1,0
070117 Total,22,0,0,0,0,22,0,6,1,0,15,0,0,0
070118 Total,1,0,0,0,0,1,0,0,0,0,0,0,0,0
070120 Total,332,0,1,2,131,172,2,41,40,0,247,0,8,2
070121 Total,2,0,0,0,0,2,0,0,1,0,1,0,0,0
070123 Total,80,0,3,1,42,24,3,1,5,1,71,0,6,0
070125 Total,90,0,0,4,9,76,3,18,3,0,66,0,2,1
070130 Total,27,0,1,3,2,21,0,7,1,0,18,0,0,0
070135 Total,1,0,0,0,0,1,0,0,0,0,1,0,0,0
070142 Total,1,0,0,0,0,1,0,0,1,0,1,0,0,0
070145 Total,133,1,1,0,9,118,0,8,3,0,121,0,1,0
070156 Total,1,0,0,0,0,0,0,0,0,0,1,0,0,0
070159 Total,3,0,0,0,0,3,0,0,0,0,2,0,1,0
070162 Total,3,0,0,0,1,0,0,0,0,0,3,0,0,0
070163 Total,28,1,0,1,0,21,1,0,3,0,21,0,1,1
070167 Total,47,0,0,3,20,22,0,2,12,1,30,0,2,0
070169 Total,32,0,0,0,6,20,0,3,10,0,18,0,1,1
070170 Total,162,0,2,16,52,76,3,17,69,0,68,0,0,0
070182 Total,26,0,0,3,7,15,1,0,10,0,18,0,0,0
070186 Total,246,1,2,4,24,203,1,26,11,4,214,0,2,3
070187 Total,228,0,4,0,17,204,3,12,4,0,208,0,2,1
070188 Total,1,0,0,0,0,0,0,0,0,0,1,0,0,0
070189 Total,1,0,0,1,0,0,0,0,0,0,0,0,0,0
070190 Total,101,1,2,4,11,85,3,8,10,1,79,0,3,0
070197 Total,1,0,0,0,0,1,0,0,0,0,1,0,0,0
070205 Total,52,0,1,0,2,43,1,3,2,0,48,0,1,0
070210 Total,33,1,1,2,1,28,1,12,5,0,18,0,1,0
070215 Total,253,1,0,5,13,227,2,26,10,1,219,0,3,3
070217 Total,102,1,1,1,6,84,2,3,4,0,96,0,0,0
070219 Total,20,0,0,0,3,17,0,0,4,0,15,0,0,0
070220 Total,37,1,0,0,4,33,0,1,3,0,30,0,1,0
070235 Total,15,0,0,0,0,15,0,1,2,0,12,0,0,0
070240 Total,235,4,6,4,42,177,4,24,9,2,200,0,3,0
070249 Total,6,0,0,0,0,6,0,0,0,1,6,0,0,0
070260 Total,2,0,0,0,1,1,0,0,1,0,1,0,0,0
070261 Total,1,0,0,1,0,0,0,0,1,0,1,0,0,0
070270 Total,63,0,0,2,37,15,0,2,22,1,36,0,0,0
070271 Total,18,0,0,2,5,11,0,0,13,0,3,0,0,0
070274 Total,56,0,0,9,15,32,0,3,20,0,28,0,1,0
070275 Total,45,0,0,3,12,25,1,3,17,0,32,0,0,0
070279 Total,2,0,0,0,0,1,0,0,1,0,1,0,0,0
070280 Total,17,0,0,2,5,8,1,0,9,0,7,0,0,0
070284 Total,25,0,0,1,8,5,2,0,16,0,10,0,0,1
070285 Total,14,0,0,3,3,8,1,0,9,0,1,0,0,0
070290 Total,8,1,1,3,4,3,1,1,4,1,3,0,0,0
070291 Total,54,0,0,6,20,26,5,4,18,1,28,0,1,0
070297 Total,19,0,0,0,1,18,0,0,19,0,0,0,0,0
070300 Total,20,0,0,1,11,5,1,1,8,0,12,0,0,0
070304 Total,33,0,1,2,13,15,3,1,12,0,18,0,1,0
070306 Total,39,0,0,0,8,25,1,0,20,0,22,0,0,1
070307 Total,6,1,0,1,1,4,0,0,4,0,1,0,0,0
070308 Total,12,0,0,0,6,3,1,0,5,0,5,0,0,0
070311 Total,10,0,0,0,3,6,0,0,7,0,3,0,0,0
070312 Total,16,0,0,1,4,10,0,0,12,0,5,0,0,0
070313 Total,8,0,0,1,1,4,0,0,6,0,2,0,0,0
070315 Total,4,0,0,0,2,1,0,0,2,0,2,0,0,0
070320 Total,24,0,2,4,1,16,1,9,3,0,11,0,0,1
070323 Total,146,0,0,0,5,133,0,6,3,0,139,0,0,0
070326 Total,43,0,1,2,7,32,1,5,23,1,20,0,0,0
070330 Total,55,0,0,0,2,49,0,29,2,0,22,0,2,2
070335 Total,50,0,1,2,3,44,0,6,11,1,31,0,0,0
070350 Total,40,1,0,0,2,29,0,4,2,0,33,0,2,8
070355 Total,41,0,0,0,2,38,0,0,2,0,40,0,0,0
070360 Total,49,0,1,0,1,43,0,0,2,0,46,0,0,0
070365 Total,1,0,0,0,0,1,0,0,0,0,1,0,0,0
070371 Total,9,0,0,1,0,7,0,0,1,0,7,0,1,0
070372 Total,39,0,1,4,16,19,0,0,14,0,20,0,5,0
070373 Total,110,1,0,3,7,100,3,18,6,0,85,0,1,0
070375 Total,47,0,0,0,16,25,1,2,8,0,40,0,0,0
070380 Total,189,1,1,12,39,117,8,25,52,3,121,0,2,0
070395 Total,21,0,2,2,2,15,1,2,2,0,14,0,0,0
070402 Total,1,0,0,0,1,0,0,0,0,0,1,0,0,0
070414 Total,45,0,0,2,11,27,0,6,12,0,24,0,1,0
070421 Total,2,0,0,0,0,1,0,0,0,0,2,0,0,1
070423 Total,1,0,0,0,0,1,0,0,0,0,1,0,0,0
070434 Total,56,0,0,0,16,21,2,0,13,0,46,0,0,0
070435 Total,2,0,0,0,0,2,0,0,0,0,2,0,0,0
070440 Total,147,0,0,2,34,97,7,5,19,1,129,0,1,0
070445 Total,58,0,0,1,38,16,1,0,4,0,52,0,0,0
070455 Total,158,0,4,14,69,57,3,6,42,2,104,0,2,0
070460 Total,18,0,0,0,0,18,0,2,3,0,15,0,0,0
070465 Total,141,0,2,1,11,119,2,9,3,1,129,0,2,2
070471 Total,36,0,1,0,9,22,1,6,9,0,22,0,0,0
070476 Total,122,0,1,5,6,99,2,6,4,1,113,0,0,0
070522 Total,4,0,0,1,0,3,0,0,1,0,2,0,0,0
070525 Total,173,2,0,3,18,139,4,20,18,1,139,0,0,1
070540 Total,24,0,1,0,4,18,0,5,1,0,19,0,0,0
070545 Total,191,0,2,4,12,165,2,7,4,0,179,0,0,0
070550 Total,234,0,2,1,11,207,2,13,4,0,221,0,2,2
070580 Total,202,0,12,4,72,103,3,12,31,0,144,0,3,1
070589 Total,6,0,0,0,0,6,0,0,0,0,6,0,0,0
070610 Total,90,0,2,2,7,73,2,3,11,0,74,0,0,1
070615 Total,1,0,0,0,0,1,0,0,0,0,1,0,0,0
070638 Total,137,0,2,0,7,119,2,8,3,0,129,0,3,3
070640 Total,205,1,0,1,13,178,1,9,6,0,194,0,1,2
070643 Total,108,0,1,3,3,94,0,11,4,0,94,0,1,0
070645 Total,90,0,0,0,7,73,1,4,9,0,75,0,1,0
070648 Total,114,1,0,1,11,91,1,14,6,0,94,0,0,1
070655 Total,24,0,1,2,0,19,2,6,2,0,13,0,1,1
070670 Total,50,1,1,5,6,36,3,6,8,1,33,0,2,2
070675 Total,186,0,1,2,8,166,2,17,9,0,160,0,0,0
070678 Total,29,0,0,3,2,23,0,7,4,2,18,0,0,0
070680 Total,13,0,0,0,3,10,0,0,2,0,9,0,1,0
070683 Total,73,0,0,0,2,66,2,5,2,0,67,0,0,0
070685 Total,164,0,0,1,13,139,0,12,6,3,139,0,4,3
070689 Total,5,0,0,3,1,2,0,1,0,0,5,0,0,0
070690 Total,251,0,1,6,11,216,1,11,6,0,236,0,2,0
070695 Total,20,0,0,0,1,18,0,6,1,1,12,0,0,1
070698 Total,174,1,9,6,80,80,2,7,36,0,116,0,4,0
070700 Total,201,2,0,2,22,164,3,20,13,1,168,0,0,2
070705 Total,40,0,0,0,3,32,0,2,1,0,38,0,0,0
070707 Total,94,1,1,3,18,65,2,10,26,0,60,0,3,2
070715 Total,39,1,1,1,17,17,0,0,11,0,26,0,1,0
070720 Total,11,0,0,1,2,8,0,0,1,0,10,0,0,0
070729 Total,11,0,0,0,1,10,0,0,0,0,11,0,0,0
070746 Total,1,0,0,0,0,0,0,0,0,0,1,0,0,0
070750 Total,173,2,3,5,41,120,3,15,34,2,116,0,1,0
070751 Total,203,3,6,3,48,137,3,23,30,1,140,0,4,0
070752 Total,70,1,1,3,9,56,0,9,7,1,55,0,2,1
070753 Total,146,3,0,3,7,127,2,14,8,0,134,0,0,0
070755 Total,117,0,2,3,27,76,3,4,30,3,80,0,3,1
070756 Total,134,1,0,5,31,84,2,8,26,1,94,0,1,1
070760 Total,113,0,0,3,2,101,1,5,7,1,98,0,0,0
070765 Total,40,0,0,1,2,36,0,6,4,0,28,0,0,1
070770 Total,63,0,1,3,7,46,1,1,2,0,60,0,0,0
070775 Total,42,0,0,0,0,38,1,0,2,0,41,0,0,0
070780 Total,4,0,0,1,0,3,0,0,1,0,3,0,0,0
070790 Total,176,0,0,5,15,136,1,7,11,0,162,0,0,0
070792 Total,102,1,0,0,3,92,0,1,3,1,99,0,0,0
070793 Total,77,0,0,0,9,63,0,1,5,0,72,0,0,0
070794 Total,8,0,0,1,0,7,0,0,0,0,8,0,0,0
070795 Total,89,1,2,0,15,58,0,3,7,0,81,0,0,0
070796 Total,28,1,0,4,0,21,2,4,2,0,19,0,1,2
070797 Total,130,2,3,3,9,112,2,15,11,0,95,0,4,4
070800 Total,344,0,1,6,27,290,0,36,21,0,283,0,8,4
070805 Total,168,0,0,2,14,148,3,49,11,1,110,0,0,1
070807 Total,115,0,0,2,5,98,0,0,0,0,111,0,1,2
070816 Total,18,0,0,0,0,17,0,4,3,0,15,0,0,0
070825 Total,29,1,0,1,3,24,1,3,1,0,24,0,2,1
070830 Total,30,0,0,0,1,26,0,0,0,0,30,0,0,0
070835 Total,57,0,0,6,23,18,1,3,23,0,30,0,0,0
070838 Total,89,0,0,2,4,80,1,12,8,0,68,0,1,1
070840 Total,69,0,2,10,17,34,3,1,23,0,39,0,0,0
070845 Total,33,0,0,6,4,19,0,1,7,2,18,0,5,2
070850 Total,31,2,0,0,0,27,0,15,1,0,16,0,0,0
070855 Total,99,0,1,1,35,39,3,3,21,3,76,0,1,0
070863 Total,146,1,4,16,52,66,10,11,53,1,76,0,5,1
070867 Total,82,1,0,4,18,42,1,2,27,0,54,0,0,0
070870 Total,32,0,1,2,10,9,0,1,14,0,16,0,0,0
070871 Total,104,0,0,2,3,90,1,2,2,0,101,0,0,0
070875 Total,1,0,0,0,1,0,0,0,0,0,1,0,0,0
070877 Total,3,0,0,0,0,3,0,2,0,0,1,0,0,0
070879 Total,1,0,0,0,0,1,0,0,0,0,1,0,0,0
070880 Total,58,0,1,2,6,48,1,6,9,0,39,0,3,2
070882 Total,119,1,0,4,4,104,2,5,3,0,109,0,1,1
070887 Total,207,0,3,5,21,176,2,34,16,1,153,0,1,1
070889 Total,3,0,0,0,0,3,0,0,0,0,3,0,0,0
070890 Total,47,1,0,2,1,43,0,12,6,0,31,0,0,0
070896 Total,102,1,1,5,7,88,3,12,17,0,76,0,1,1
070900 Total,220,1,0,5,23,185,3,33,19,1,167,0,4,2
070907 Total,1,0,0,0,0,1,0,0,1,0,0,0,0,0
070913 Total,78,0,1,2,4,64,3,8,5,0,66,0,1,2
070920 Total,201,2,7,4,11,165,5,24,11,2,170,0,2,3
070921 Total,2,0,0,0,0,1,0,1,0,1,1,0,0,0
070925 Total,179,0,0,1,26,137,4,12,12,1,146,0,4,2
070930 Total,1,0,0,0,0,1,0,0,0,0,1,0,0,0
070938 Total,177,0,1,2,10,153,0,20,5,0,152,0,3,2
070945 Total,31,0,3,0,5,21,1,5,9,0,15,0,1,2
070949 Total,73,1,0,9,17,45,2,9,30,0,36,0,0,0
070950 Total,120,1,0,6,15,83,1,6,74,1,45,0,0,0
070955 Total,56,0,0,2,6,40,0,11,11,0,36,0,0,0
070958 Total,10,0,0,0,0,6,0,0,0,0,9,0,0,1
070960 Total,75,0,1,0,4,59,2,20,3,0,51,0,0,1
070962 Total,128,0,0,1,2,117,0,1,0,1,127,0,0,0
070970 Total,109,0,2,2,6,92,1,5,3,0,102,0,0,1
070975 Total,1,0,0,0,0,1,0,0,1,0,0,0,0,0
100508 Total,1,0,0,0,0,1,0,0,0,0,1,0,0,0
101297 Total,1,0,0,1,0,0,0,0,0,0,0,0,0,0
101374 Total,1,1,0,0,0,0,0,0,0,0,1,0,0,0
101388 Total,3,0,0,0,0,3,0,0,0,0,3,0,0,0
101648 Total,1,0,0,0,0,1,0,1,0,0,0,0,0,0
102201 Total,1,0,0,0,0,1,0,0,0,0,1,0,0,0
102326 Total,1,0,0,0,1,0,0,0,0,0,0,0,0,0
110921 Total,1,0,0,0,0,1,0,0,0,0,1,0,0,0
150470 Total,1,0,0,1,0,0,0,0,0,0,1,0,0,0
163055 Total,1,0,0,0,0,1,0,0,0,0,1,0,0,0
200095 Total,79,0,0,0,0,76,2,1,0,0,75,0,0,2
200105 Total,77,0,0,0,1,70,1,5,3,0,67,0,0,5
200185 Total,91,0,3,1,4,79,1,7,0,0,79,0,0,3
200278 Total,75,0,1,0,1,72,1,3,1,0,69,0,0,1
200280 Total,118,0,1,0,3,111,0,1,2,0,111,0,0,3
200350 Total,147,0,0,0,2,133,4,2,1,0,134,0,1,8
200360 Total,1,0,0,0,0,1,0,0,0,0,1,0,0,0
200385 Total,61,0,0,0,1,55,0,2,0,0,54,0,0,5
200387 Total,9,0,0,1,0,8,0,1,0,0,9,0,0,0
200400 Total,115,0,0,0,0,108,2,5,4,0,109,0,0,3
200405 Total,82,0,0,1,3,74,2,4,2,1,72,0,1,5
200408 Total,2,0,0,0,1,1,0,0,0,0,1,0,0,0
200440 Total,1,0,0,0,0,0,0,0,0,0,0,0,0,1
200515 Total,71,0,2,0,2,63,3,7,1,1,63,0,2,3
200517 Total,1,0,0,0,0,1,0,0,0,0,1,0,0,0
200535 Total,29,0,0,0,1,27,0,3,1,1,26,0,0,0
200694 Total,5,0,0,0,0,4,0,0,0,0,5,0,0,1
200734 Total,1,0,0,0,0,1,0,0,0,0,1,0,0,0
200750 Total,28,0,0,0,0,26,2,1,0,0,24,0,0,1
200795 Total,1,0,0,0,1,0,0,0,0,0,1,0,0,0
200804 Total,57,0,0,0,3,50,4,3,10,0,41,0,0,2
200805 Total,47,1,0,0,2,43,2,6,0,0,38,0,2,1
200810 Total,98,0,0,1,1,90,1,15,25,1,56,0,0,5
200812 Total,4,0,0,0,0,4,0,0,0,0,4,0,0,0
200818 Total,44,0,0,0,1,39,4,4,0,1,36,0,0,3
200820 Total,92,0,0,0,3,85,2,6,18,0,68,0,0,0
200825 Total,21,0,0,0,1,19,0,5,2,0,13,0,1,0
200830 Total,39,0,0,0,1,38,1,4,4,0,30,0,1,0
200875 Total,63,2,1,0,1,55,1,18,4,0,40,0,3,3
200892 Total,114,0,0,0,4,100,4,6,3,0,101,0,0,2
200895 Total,169,1,2,0,3,157,4,14,6,1,145,0,3,3
200930 Total,26,1,0,1,0,25,0,2,1,0,23,0,1,0
200932 Total,8,0,0,1,0,7,1,1,1,0,6,0,0,0
200953 Total,1,0,0,0,0,1,0,0,0,0,1,0,0,0
200955 Total,76,1,0,0,1,70,0,4,1,2,71,0,0,1
200960 Total,21,0,0,1,1,18,0,3,0,0,17,0,1,1
200961 Total,12,0,0,0,1,10,0,1,1,0,10,0,0,1
200970 Total,100,0,1,1,2,89,2,4,3,0,86,0,0,6
201063 Total,20,0,0,0,0,17,0,1,0,0,17,0,0,3
201090 Total,22,0,1,1,1,20,2,0,2,0,19,0,0,0
201095 Total,78,0,2,0,3,68,2,2,5,1,67,0,0,4
201100 Total,125,0,3,1,0,114,8,8,6,1,111,0,0,1
201140 Total,7,0,0,0,0,7,0,0,0,0,7,0,0,0
201143 Total,84,0,1,1,1,80,0,2,4,0,80,0,0,0
201145 Total,73,0,0,0,0,69,0,3,0,1,68,0,1,3
210590 Total,1,0,0,0,0,1,0,0,0,0,1,0,0,0
220000 Total,31,0,0,0,0,30,2,2,1,0,29,0,0,0
220003 Total,10,0,0,0,0,7,0,0,0,0,10,0,0,0
220004 Total,14,0,0,7,3,4,1,3,4,1,5,0,0,1
220005 Total,155,0,1,10,6,135,6,11,8,3,133,0,1,2
220007 Total,1,0,0,0,0,1,0,0,0,0,1,0,0,0
220008 Total,41,0,0,3,1,36,1,3,10,1,27,0,1,0
220010 Total,10,0,0,0,0,10,1,0,0,0,10,0,0,0
220011 Total,18,0,1,10,2,5,3,1,9,1,4,0,2,0
220012 Total,1,0,0,0,0,1,0,0,0,0,1,0,0,0
220014 Total,3,0,0,0,1,2,0,1,2,0,2,0,0,0
220015 Total,112,0,1,11,8,95,3,17,8,0,91,0,2,0
220021 Total,2,0,0,0,0,2,0,0,0,0,2,0,0,0
220023 Total,22,0,0,0,1,21,1,1,3,0,16,0,2,0
220025 Total,53,1,0,2,2,45,2,8,3,0,43,0,1,3
220026 Total,1,0,0,0,0,1,0,0,0,0,1,0,0,0
220027 Total,44,0,0,12,23,6,2,0,8,0,11,0,9,6
220030 Total,8,0,2,0,0,6,1,3,0,0,4,0,0,0
220032 Total,16,0,0,0,0,16,0,3,3,0,10,0,0,0
220033 Total,34,0,0,1,4,29,0,6,4,0,28,0,0,0
220040 Total,2,0,0,0,0,2,0,0,1,0,1,0,0,0
220050 Total,6,0,0,1,0,5,0,3,0,0,3,0,0,0
220065 Total,14,0,0,0,1,13,0,3,0,1,9,0,1,0
220070 Total,3,0,0,0,0,3,0,0,0,0,2,0,0,0
220073 Total,30,0,0,0,3,26,3,1,2,0,26,0,1,1
220077 Total,13,0,0,0,0,12,0,0,0,0,13,0,0,1
220085 Total,16,0,0,0,1,15,0,0,1,0,16,0,0,0
220090 Total,4,0,0,0,0,4,0,1,1,0,2,0,0,0
220095 Total,13,0,0,1,1,11,0,1,1,0,13,0,0,0
220100 Total,10,0,0,0,0,10,0,0,0,0,10,0,0,0
220104 Total,1,0,0,0,1,0,0,0,0,0,1,0,0,0
220105 Total,19,0,1,0,0,17,0,0,1,0,19,0,0,0
220112 Total,9,0,0,0,0,9,0,1,1,0,8,0,0,0
220115 Total,85,0,1,1,0,79,4,1,5,1,77,0,0,2
220116 Total,1,0,0,0,0,1,0,0,0,0,1,0,0,0
220117 Total,15,0,0,0,2,12,0,1,1,0,10,0,1,1
220120 Total,5,0,0,0,0,4,0,0,1,0,3,0,1,1
220123 Total,29,1,1,0,2,23,1,8,3,0,16,0,2,2
220129 Total,1,0,0,0,0,1,0,0,0,0,1,0,0,0
220135 Total,37,0,0,1,2,34,0,4,4,0,31,0,1,0
220146 Total,1,0,0,0,0,1,1,0,1,0,1,0,0,0
220155 Total,27,0,1,0,3,23,2,3,2,0,22,0,0,0
220156 Total,1,0,0,0,0,1,0,0,0,0,1,0,0,0
220160 Total,19,0,0,0,1,17,0,1,0,0,18,0,0,1
220162 Total,23,0,0,1,1,22,0,2,1,0,22,0,1,0
220163 Total,13,0,0,0,0,12,0,3,0,0,9,0,1,1
220174 Total,13,0,0,3,2,8,0,0,5,0,5,0,1,0
220180 Total,21,0,0,0,1,18,0,3,1,0,17,0,1,1
220182 Total,17,0,0,2,10,6,1,0,12,0,2,0,0,0
220185 Total,45,0,1,0,3,42,0,20,4,0,25,0,0,0
220195 Total,37,1,1,2,9,25,1,12,17,1,5,0,0,0
220202 Total,3,0,0,0,0,3,0,0,0,0,3,0,0,0
220205 Total,9,0,0,1,3,5,0,3,5,0,1,0,1,0
220206 Total,1,0,0,0,1,0,0,0,1,0,0,0,0,0
220221 Total,2,0,0,0,0,2,0,0,2,0,0,0,0,0
220226 Total,1,0,0,0,0,1,0,0,1,0,1,0,0,0
220232 Total,16,0,0,2,3,8,1,2,7,0,3,0,2,3
220235 Total,26,0,1,3,17,6,2,4,3,1,8,0,2,0
220241 Total,8,0,0,0,1,7,0,1,2,0,5,0,0,0
220245 Total,11,0,0,2,7,3,2,2,3,0,0,0,1,0
220260 Total,33,1,0,1,4,26,1,11,10,0,14,0,1,1
220261 Total,2,0,0,0,1,1,0,1,0,0,0,0,0,0
220262 Total,7,0,0,0,0,6,1,0,0,0,6,0,0,1
220265 Total,10,1,0,1,4,5,0,1,3,0,1,0,2,0
220290 Total,9,0,0,0,2,7,0,0,8,0,0,0,0,0
220292 Total,7,0,0,0,3,4,0,0,3,0,1,0,0,0
220294 Total,9,0,0,1,0,8,1,7,2,0,1,0,0,0
220296 Total,6,0,0,1,1,4,0,0,5,1,0,0,0,0
220303 Total,6,0,0,0,0,6,0,2,2,0,2,0,0,0
220305 Total,2,0,0,0,0,2,0,0,0,0,2,0,0,0
220330 Total,8,0,0,1,0,7,1,4,2,0,2,0,0,0
220336 Total,4,0,0,1,2,2,0,1,1,0,1,0,0,0
220345 Total,3,0,0,0,1,2,0,2,0,0,1,0,0,0
220385 Total,13,0,0,3,1,9,0,2,8,0,1,0,0,0
220399 Total,19,0,0,1,6,12,0,0,18,0,0,0,0,0
220405 Total,5,0,0,0,1,4,0,1,1,0,2,0,0,0
220409 Total,1,0,0,0,0,1,0,0,0,0,1,0,0,0
220410 Total,11,0,0,0,0,11,0,0,1,0,10,0,0,0
220411 Total,7,0,0,0,0,7,0,0,1,0,7,0,0,0
220412 Total,8,0,0,1,0,7,0,1,1,0,6,0,0,0
220415 Total,11,0,0,0,0,10,0,0,1,0,8,0,2,1
220420 Total,25,0,0,1,3,22,0,7,2,1,17,0,0,0
220425 Total,11,0,0,0,1,10,0,2,1,0,7,0,1,0
220430 Total,50,0,0,1,5,44,1,3,1,0,45,0,1,0
220435 Total,59,1,0,8,5,44,1,7,30,0,18,0,3,1
220437 Total,12,0,0,0,0,12,0,2,4,0,6,0,0,0
220443 Total,1,0,0,0,0,1,0,0,0,0,1,0,0,0
220445 Total,47,0,3,0,6,37,1,11,8,1,27,0,4,1
220454 Total,1,0,0,0,0,1,0,0,0,0,1,0,0,0
220458 Total,1,0,0,0,0,1,0,1,0,0,0,0,0,0
220459 Total,3,0,0,0,3,0,0,0,2,0,0,0,0,0
220470 Total,23,0,0,0,1,22,0,4,2,0,18,0,0,0
220473 Total,26,0,0,0,0,26,0,0,1,0,24,0,1,0
220475 Total,8,0,0,1,2,5,0,2,1,0,5,0,0,0
220489 Total,5,0,0,1,1,3,0,1,4,0,0,0,0,0
220493 Total,47,0,1,3,7,36,0,10,14,0,20,0,4,1
220495 Total,3,0,0,0,0,2,0,2,0,0,1,0,0,0
220499 Total,1,0,0,0,0,1,0,1,0,0,0,0,0,0
220515 Total,18,0,0,0,2,13,0,2,0,0,11,0,4,2
220523 Total,7,0,0,2,2,3,2,1,2,0,1,0,0,0
220544 Total,14,0,0,1,2,11,0,2,2,0,8,0,1,0
220545 Total,15,0,0,1,1,13,0,1,3,0,12,0,0,0
220551 Total,7,0,0,0,0,7,0,0,0,0,7,0,0,0
220552 Total,2,0,0,0,0,2,0,0,0,0,2,0,0,0
220560 Total,9,0,0,0,0,9,0,8,1,0,0,0,0,0
220562 Total,1,0,0,0,0,1,0,0,0,0,1,0,0,0
220563 Total,18,0,0,4,1,13,1,0,4,0,12,0,0,0
220575 Total,41,0,0,1,3,36,0,4,4,0,33,0,1,2
220578 Total,30,0,0,2,24,5,1,3,1,0,8,0,5,0
220595 Total,7,0,0,0,0,6,0,1,2,0,3,0,1,1
220600 Total,3,0,0,0,1,2,0,0,0,0,2,0,0,0
220601 Total,1,0,0,0,0,1,0,0,0,0,1,0,0,0
220605 Total,5,0,0,0,0,5,0,1,0,0,4,0,0,0
220610 Total,2,0,0,0,0,2,0,0,1,0,1,0,0,0
220611 Total,92,0,1,13,5,74,0,6,6,3,73,0,3,0
220612 Total,56,0,1,9,2,43,1,2,5,0,45,0,0,1
220614 Total,24,0,0,12,1,10,3,1,9,1,11,0,2,2
220630 Total,10,0,0,1,2,7,0,1,1,0,5,0,0,0
220635 Total,5,0,0,0,0,5,0,0,0,0,5,0,0,0
220640 Total,1,0,0,0,0,1,0,0,0,0,1,0,0,0
220645 Total,13,0,0,0,0,13,0,3,2,0,8,0,0,0
220650 Total,2,0,0,0,0,2,0,1,0,0,1,0,0,0
220655 Total,83,0,1,0,1,77,3,2,3,0,79,0,0,1
220660 Total,36,0,0,0,2,33,0,2,1,0,32,0,1,1
220664 Total,2,0,0,0,0,2,0,0,0,0,2,0,0,0
220665 Total,32,1,2,1,0,29,1,0,1,0,28,0,1,0
220667 Total,9,0,0,0,0,9,0,2,1,0,8,0,0,0
220668 Total,11,0,0,1,1,9,1,1,0,1,11,0,0,0
220675 Total,13,0,0,0,0,13,0,1,1,0,11,0,0,0
220680 Total,10,0,0,0,0,9,1,1,5,0,4,0,1,1
220683 Total,6,0,0,0,0,6,1,1,0,0,5,0,0,0
220685 Total,18,0,0,1,0,15,1,7,2,0,9,0,2,2
220686 Total,2,0,0,0,0,2,1,0,1,0,0,0,0,0
220689 Total,13,0,0,0,0,13,0,1,0,0,12,0,0,0
220694 Total,5,0,0,0,1,4,0,0,4,0,0,0,1,0
220695 Total,10,0,0,0,0,10,0,1,0,0,9,0,0,0
220696 Total,3,0,0,0,0,2,0,1,2,0,0,0,0,0
220698 Total,30,0,0,4,0,24,0,0,0,0,28,0,0,2
220699 Total,3,0,0,0,0,3,0,0,3,0,0,0,0,0
220700 Total,13,0,0,0,1,12,0,1,0,0,13,0,0,0
220705 Total,14,0,0,1,0,12,0,0,0,0,13,0,1,0
220715 Total,14,0,0,0,1,13,0,0,0,0,14,0,0,0
220720 Total,47,0,0,5,2,40,1,0,3,0,44,0,1,0
220722 Total,42,0,1,0,0,38,0,1,1,0,42,0,0,1
220725 Total,33,1,1,0,0,31,0,12,2,0,21,0,0,0
220727 Total,104,0,0,4,3,95,2,11,10,0,82,0,0,0
220730 Total,67,1,0,0,0,64,1,18,6,1,44,0,1,2
220745 Total,62,0,1,1,1,57,0,3,4,0,53,0,3,2
220758 Total,27,0,1,0,11,15,0,3,6,0,15,0,1,0
220764 Total,5,0,0,0,1,4,0,0,3,0,2,0,0,0
220765 Total,15,0,0,2,4,11,0,8,0,0,4,0,1,0
220767 Total,4,0,1,0,1,3,0,1,1,0,2,0,0,0
220770 Total,13,0,0,0,1,12,0,0,0,0,13,0,0,0
220783 Total,10,0,0,0,0,10,0,4,0,0,6,0,0,0
220785 Total,30,0,0,1,1,23,0,2,1,0,24,0,0,5
220795 Total,17,0,0,0,0,16,0,0,0,0,16,0,1,1
220811 Total,4,0,0,0,0,4,1,0,1,0,4,0,0,0
220812 Total,4,0,0,0,0,4,0,0,0,0,4,0,0,0
220815 Total,18,0,0,0,2,16,1,0,0,0,17,0,0,0
220820 Total,9,0,1,3,1,4,0,1,1,0,7,0,0,0
220829 Total,22,0,0,3,1,18,2,0,2,1,19,0,0,0
220830 Total,1,0,0,0,0,1,0,1,0,0,0,0,0,0
220831 Total,3,0,0,0,0,3,0,0,0,0,3,0,0,0
220835 Total,1,0,0,0,0,1,0,0,0,0,1,0,0,0
220840 Total,19,0,0,0,0,19,0,0,1,0,18,0,0,0
220841 Total,4,0,0,1,1,2,0,0,1,0,2,0,1,1
220842 Total,38,1,1,0,8,24,0,7,3,0,21,0,2,5
220848 Total,8,0,0,0,0,8,0,3,1,0,4,0,0,0
220854 Total,12,0,0,1,3,8,0,0,0,0,8,0,2,1
220860 Total,37,0,0,0,3,34,0,3,1,0,33,0,0,0
220864 Total,10,0,0,0,2,8,0,1,1,0,7,0,1,0
220865 Total,8,0,0,1,1,6,1,1,1,0,6,0,0,0
220870 Total,6,0,0,0,0,6,0,0,1,0,5,0,0,0
220878 Total,25,0,0,0,1,23,1,0,1,0,22,0,1,1
220895 Total,27,0,0,0,0,25,0,3,1,0,23,0,1,1
220897 Total,24,0,0,0,1,23,0,3,0,1,21,0,1,0
220899 Total,2,0,0,0,0,2,0,0,0,0,2,0,0,0
220901 Total,3,0,0,0,0,3,0,0,0,0,3,0,0,0
220904 Total,3,0,0,0,0,3,0,0,0,0,3,0,0,0
220910 Total,56,0,1,1,2,50,3,2,2,1,53,0,0,2
220912 Total,1,0,0,0,0,1,0,0,1,0,1,0,0,0
220920 Total,33,0,0,3,0,29,0,3,1,0,28,0,1,1
220921 Total,22,0,1,1,1,19,2,0,1,0,21,0,0,0
220925 Total,12,0,0,0,2,8,0,4,1,0,5,0,2,2
220928 Total,37,0,0,0,3,34,0,3,0,0,35,0,0,0
220940 Total,8,0,0,0,1,6,0,5,0,0,3,0,0,1
220942 Total,5,0,0,0,0,4,0,0,0,0,5,0,0,0
220945 Total,26,0,0,0,0,25,0,1,2,0,24,0,0,0
220947 Total,39,0,0,4,0,31,4,2,10,1,26,0,2,1
220950 Total,14,0,0,0,1,11,0,1,0,0,13,0,1,1
220953 Total,7,0,0,0,1,6,0,0,0,0,6,0,1,0
220955 Total,9,0,0,0,2,7,0,2,0,0,7,0,0,0
220964 Total,11,1,0,0,1,9,0,1,1,0,9,0,0,0
220965 Total,14,0,0,0,0,13,0,0,3,0,12,0,0,1
220970 Total,12,0,0,0,1,11,1,2,1,0,12,0,0,0
220980 Total,47,1,0,3,6,36,1,2,3,0,37,0,5,0
220985 Total,38,1,0,2,4,28,2,5,4,0,28,0,2,1
220998 Total,15,0,0,0,2,12,0,2,2,0,12,0,0,0
221000 Total,25,0,0,0,0,24,1,1,0,1,25,0,0,1
221002 Total,1,0,0,0,0,1,0,0,0,0,1,0,0,0
221005 Total,5,0,0,0,0,4,0,1,0,0,3,0,1,1
221010 Total,100,0,1,1,3,94,2,6,1,0,93,0,0,1
221015 Total,17,1,0,0,1,15,0,1,0,0,16,0,0,0
221018 Total,62,0,1,30,5,26,1,1,5,2,32,0,1,1
221020 Total,3,0,0,1,0,2,0,0,2,0,1,0,0,0
221046 Total,11,0,1,7,1,3,0,0,1,0,3,0,4,1
221055 Total,3,0,0,0,0,3,0,0,0,0,3,0,0,0
221060 Total,21,0,0,0,1,20,0,2,1,0,18,0,0,0
221065 Total,9,0,0,0,2,7,0,1,0,0,7,0,0,0
221072 Total,11,0,0,0,1,10,0,0,0,0,11,0,0,0
221073 Total,4,0,0,0,1,3,0,0,4,0,0,0,0,0
221074 Total,7,0,0,0,0,7,1,0,6,0,2,0,0,0
221075 Total,21,0,0,0,1,20,0,0,0,0,20,0,0,0
221079 Total,1,0,0,0,1,0,0,0,0,0,1,0,0,0
221080 Total,37,0,1,1,4,30,0,1,3,0,33,0,0,1
221082 Total,8,0,0,0,0,7,0,0,0,0,7,0,1,1
221089 Total,5,0,0,0,0,5,0,3,0,0,2,0,0,0
221091 Total,10,0,0,0,1,9,0,1,0,0,9,0,0,0
221092 Total,3,0,0,0,0,3,0,0,1,0,2,0,0,0
221094 Total,13,0,0,1,1,11,0,0,11,1,1,0,0,0
221095 Total,10,0,0,0,1,9,0,1,0,0,10,0,0,0
221103 Total,3,0,0,0,0,3,0,0,0,0,3,0,0,0
221105 Total,17,0,0,0,1,15,0,0,1,0,15,0,1,1
221106 Total,6,0,0,0,4,2,0,0,4,0,0,0,0,0
221107 Total,18,0,1,0,1,15,1,0,0,0,17,0,0,1
221109 Total,4,0,0,0,4,0,0,0,4,0,0,0,0,0
221111 Total,2,0,0,0,0,2,0,0,0,0,2,0,0,0
221112 Total,5,0,0,1,1,3,0,0,5,0,0,0,0,0
221115 Total,13,0,0,1,3,10,0,0,2,0,10,0,0,0
221120 Total,45,0,0,12,35,3,2,1,19,0,6,0,9,1
221122 Total,8,0,0,2,5,1,0,0,6,0,2,0,1,0
221145 Total,25,0,1,0,1,23,2,3,2,1,22,0,0,0
221150 Total,13,0,0,0,0,13,0,3,0,0,11,0,0,0
221165 Total,35,0,1,1,4,28,2,1,1,0,28,0,0,1
221178 Total,28,0,0,4,1,23,1,1,6,0,21,0,0,0
221180 Total,1,0,0,0,0,1,0,0,0,0,1,0,0,0
221189 Total,3,0,0,0,0,2,0,0,0,0,2,0,1,1
221190 Total,42,0,1,1,0,40,0,19,3,0,19,0,0,0
221191 Total,5,0,1,0,2,3,0,0,0,0,3,0,1,0
221195 Total,5,0,0,0,0,5,1,2,0,0,3,0,0,0
221198 Total,125,0,2,5,4,112,1,12,7,0,106,0,3,5
221200 Total,14,0,0,0,0,13,0,0,0,0,14,0,0,1
221218 Total,52,0,1,3,9,37,1,15,6,0,23,0,4,0
221220 Total,34,0,1,5,4,23,1,6,1,0,27,0,0,1
221235 Total,12,0,0,1,0,11,0,2,1,0,9,0,1,0
221250 Total,106,0,0,3,5,94,2,0,2,0,103,0,0,1
221255 Total,10,0,0,0,0,9,0,0,1,0,8,0,1,1
221260 Total,27,0,2,1,7,17,1,2,7,0,13,0,1,0
221262 Total,8,0,0,0,5,3,0,1,6,0,1,0,0,0
221265 Total,27,0,0,4,13,11,3,4,10,1,8,0,2,0
221275 Total,19,0,0,1,1,17,0,5,2,0,13,0,0,0
221285 Total,6,0,0,0,5,1,0,1,1,0,1,0,0,0
221287 Total,10,0,0,0,0,10,0,1,0,0,9,0,0,0
221290 Total,11,1,0,0,1,8,1,2,2,0,6,0,0,1
221305 Total,37,0,0,1,4,31,2,18,6,0,13,0,1,1
221315 Total,3,0,0,0,1,2,1,0,0,0,2,0,0,0
221320 Total,27,0,0,0,0,27,0,1,0,0,27,0,0,0
221323 Total,15,0,2,0,1,12,2,1,1,0,12,0,0,1
221325 Total,23,1,0,1,1,19,0,1,1,0,21,0,0,1
221330 Total,7,0,0,0,0,7,1,0,3,0,4,0,0,0
221333 Total,25,0,1,1,4,19,1,0,1,0,24,0,0,0
221335 Total,16,0,0,3,3,10,0,0,3,0,12,0,0,0
221349 Total,8,0,0,0,1,7,0,1,1,0,7,0,0,0
221350 Total,53,0,1,0,3,47,0,0,1,0,48,0,4,2
221355 Total,12,0,0,0,0,11,0,2,0,0,11,0,1,1
221360 Total,10,0,0,0,0,10,1,1,2,0,10,0,0,0
221365 Total,29,0,1,0,8,20,0,2,3,0,21,0,2,0
221370 Total,1,0,0,0,0,1,0,0,0,0,1,0,0,0
221375 Total,25,0,0,0,1,24,0,0,1,0,24,0,0,0
221381 Total,3,0,0,0,0,3,0,2,1,0,0,0,0,0
221382 Total,1,0,0,0,0,1,1,0,0,0,1,0,0,0
221385 Total,11,0,0,0,1,10,0,0,3,0,9,0,0,0
221392 Total,4,0,0,0,0,4,1,0,1,0,3,0,0,0
221400 Total,35,0,1,5,9,24,0,1,5,1,27,0,2,0
221403 Total,17,0,0,0,0,16,0,1,1,0,14,0,0,1
221405 Total,11,0,0,1,0,10,0,1,0,0,10,0,0,0
221410 Total,16,0,0,3,2,10,0,1,1,0,13,0,1,1
221420 Total,13,0,0,0,1,12,0,1,0,0,12,0,0,0
221425 Total,23,0,1,1,1,21,0,2,0,0,19,0,1,0
221428 Total,7,0,0,0,0,7,0,2,1,0,3,0,1,0
221430 Total,9,0,0,1,0,6,0,1,4,0,3,0,0,2
221440 Total,28,0,0,2,0,26,0,3,7,0,22,0,0,0
221450 Total,33,0,0,1,0,32,1,1,0,0,30,0,0,0
221465 Total,14,0,0,0,2,12,0,1,4,0,8,0,1,0
221475 Total,46,0,0,0,3,42,1,4,4,0,39,0,1,1
221480 Total,5,0,1,0,0,4,0,3,0,0,3,0,0,0
221484 Total,2,0,0,0,0,2,0,0,0,0,1,0,1,0
221485 Total,33,0,0,2,0,30,0,4,0,0,30,0,1,1
221488 Total,6,0,0,0,0,6,0,1,1,0,4,0,0,0
221493 Total,22,0,1,3,5,14,2,1,8,0,9,0,2,0
221495 Total,24,0,0,4,1,20,0,0,3,0,20,0,1,0
221510 Total,20,0,0,0,1,19,0,0,0,0,20,0,0,0
221530 Total,4,0,0,0,1,3,0,0,0,0,2,0,1,0
221531 Total,2,0,0,0,0,2,0,0,0,0,2,0,0,0
221541 Total,17,0,1,0,0,13,0,11,0,0,2,0,3,3
221545 Total,1,0,0,0,0,1,0,0,0,0,1,0,0,0
221548 Total,35,0,1,2,4,28,0,12,6,1,19,0,0,1
221555 Total,51,0,0,3,7,41,0,9,3,0,35,0,5,1
221565 Total,20,0,0,0,0,19,1,1,2,0,15,0,3,1
221570 Total,35,2,0,0,1,32,1,1,2,0,33,0,0,0
221575 Total,26,0,0,1,0,24,1,1,0,0,24,0,1,1
221590 Total,1,0,1,0,0,0,0,0,0,0,1,0,0,0
221592 Total,108,0,1,5,8,95,2,12,3,0,92,0,1,0
221595 Total,15,0,0,2,1,12,0,1,0,1,14,0,0,0
221610 Total,1,0,0,0,0,1,0,0,0,0,1,0,0,0
221611 Total,1,0,0,1,0,0,0,1,0,0,0,0,0,0
221615 Total,37,0,0,0,6,31,0,5,3,0,29,0,2,0
221625 Total,25,0,0,0,1,23,0,1,0,1,23,0,0,0
221630 Total,30,0,0,0,2,28,1,5,1,0,26,0,0,0
221635 Total,4,0,0,0,0,4,0,0,0,0,4,0,0,0
221640 Total,17,0,0,0,0,17,0,1,0,0,15,0,1,0
221643 Total,13,0,0,1,1,11,1,1,0,0,11,0,0,0
221645 Total,24,0,0,0,0,22,0,1,0,0,23,0,1,2
221650 Total,34,0,0,0,0,34,1,6,3,0,26,0,0,0
221653 Total,1,0,0,0,0,1,0,0,1,0,0,0,0,0
221660 Total,31,0,0,1,1,28,1,21,2,0,9,0,0,2
221662 Total,17,0,0,0,1,16,0,0,0,0,17,0,0,0
221670 Total,17,0,0,0,0,16,0,0,0,0,17,0,0,0
221675 Total,18,1,0,1,2,16,0,1,0,0,17,0,0,0
221683 Total,14,1,0,0,2,12,1,1,2,0,11,0,0,0
221695 Total,13,0,0,0,1,11,0,0,1,0,11,0,0,0
221705 Total,34,0,0,2,1,32,0,2,0,2,32,0,0,0
221710 Total,36,1,1,0,0,33,1,3,4,1,34,0,1,1
221715 Total,9,0,0,1,1,7,0,0,0,0,7,0,0,0
221720 Total,60,0,0,3,0,56,4,5,3,0,53,0,0,1
221721 Total,11,0,0,0,0,10,1,0,0,0,10,0,0,1
221723 Total,17,0,0,1,0,16,0,2,1,0,14,0,0,0
221725 Total,30,0,0,1,1,27,0,1,3,0,26,0,1,1
221741 Total,16,0,0,0,0,16,0,0,0,0,16,0,0,0
221760 Total,17,0,1,0,0,13,1,7,4,0,6,0,0,2
221765 Total,99,0,2,6,6,84,2,3,14,1,83,0,1,0
221770 Total,4,0,0,0,2,2,0,1,0,0,2,0,0,0
221775 Total,76,0,0,2,8,66,4,4,13,1,62,0,0,0
221784 Total,22,1,0,0,0,21,0,1,0,0,22,0,0,0
221785 Total,26,0,0,0,0,26,1,2,3,0,23,0,0,0
221786 Total,4,0,0,0,0,4,0,0,0,0,4,0,0,0
221787 Total,2,0,0,0,0,1,0,0,0,0,1,0,1,1
221788 Total,5,0,0,0,0,5,0,1,0,0,4,0,0,0
221795 Total,5,0,0,0,0,5,0,0,2,0,3,0,0,0
221800 Total,34,0,0,0,1,33,0,9,1,0,24,0,1,0
221810 Total,4,0,0,0,0,4,0,3,1,0,0,0,0,0
221815 Total,9,1,1,1,3,7,0,0,7,0,0,0,1,0
221818 Total,10,0,0,0,1,9,0,0,0,0,10,0,0,0
221820 Total,33,0,0,0,4,26,0,1,0,0,28,0,3,3
221832 Total,45,0,2,3,14,26,2,3,8,2,25,0,0,0
221835 Total,12,0,0,0,0,12,0,1,1,0,10,0,0,0
221839 Total,1,0,0,0,0,1,0,0,0,0,1,0,0,0
221840 Total,10,0,0,0,0,7,0,0,0,0,7,0,3,3
221842 Total,7,0,0,0,0,7,0,1,0,0,6,0,0,0
221868 Total,1,0,0,0,0,1,0,0,0,0,1,0,0,0
221869 Total,13,0,0,0,7,5,0,0,1,1,8,0,1,0
221877 Total,15,0,1,0,1,12,0,1,3,0,12,0,0,0
221880 Total,18,0,0,0,1,17,0,0,0,0,18,0,0,0
221885 Total,14,0,0,0,3,10,0,2,0,0,11,0,0,1
221890 Total,20,0,0,0,0,20,1,0,2,0,18,0,0,0
221891 Total,20,1,2,1,1,19,2,3,2,1,17,0,0,0
221892 Total,9,0,0,0,0,9,0,0,0,0,9,0,0,0
221895 Total,23,0,0,1,0,22,1,5,3,0,16,0,0,0
221900 Total,9,0,1,0,2,6,0,2,1,0,4,0,1,0
221910 Total,21,0,0,0,1,19,2,1,3,0,19,0,0,0
221920 Total,31,0,1,0,1,29,0,0,2,0,30,0,0,0
221930 Total,49,0,0,0,3,45,1,13,2,1,34,0,1,1
221935 Total,20,0,0,0,0,19,0,1,0,0,20,0,0,1
221947 Total,7,0,1,2,2,4,1,1,3,0,1,0,0,0
221948 Total,24,0,0,1,8,14,0,5,2,0,13,0,2,1
221958 Total,12,0,0,0,2,10,1,0,0,0,12,0,0,0
221965 Total,5,0,0,0,0,5,0,2,1,0,2,0,0,0
221972 Total,6,0,0,1,1,4,0,0,3,0,2,0,0,0
221980 Total,4,1,0,3,0,1,1,0,0,0,2,0,0,0
221995 Total,5,0,0,0,0,5,0,0,0,0,4,0,0,0
222000 Total,54,0,1,1,1,51,0,1,2,0,53,0,0,0
222001 Total,35,0,0,1,2,32,0,1,12,0,23,0,1,0
222005 Total,68,1,0,3,1,63,1,5,2,1,63,0,1,0
222010 Total,8,0,0,0,1,7,0,1,0,0,7,0,0,0
222013 Total,3,0,0,0,0,3,0,0,0,0,3,0,0,0
222015 Total,4,0,0,0,1,3,0,0,2,0,2,0,0,0
222019 Total,28,0,0,0,0,28,0,0,2,0,28,0,0,0
222020 Total,44,0,0,3,0,36,1,1,0,1,38,0,3,1
222021 Total,26,0,0,2,3,20,0,1,2,0,17,0,3,2
222023 Total,5,0,0,0,0,5,0,0,0,0,5,0,0,0
222026 Total,1,0,1,0,0,0,0,0,0,0,1,0,0,0
222029 Total,29,1,0,15,2,12,2,1,12,1,14,0,0,0
222030 Total,135,1,5,38,13,77,10,20,47,1,39,0,1,2
222034 Total,36,1,1,15,4,13,1,1,11,1,10,0,1,1
222035 Total,4,0,0,3,0,1,0,1,1,0,0,0,0,0
222043 Total,10,0,1,2,2,5,0,0,5,1,1,0,1,1
222045 Total,37,0,0,0,0,36,2,17,1,0,17,0,1,1
222051 Total,17,0,1,1,0,15,1,1,2,0,12,0,0,0
222053 Total,22,1,0,9,2,9,0,2,8,1,4,0,0,0
222055 Total,93,2,3,58,10,21,8,2,22,7,21,0,2,3
222056 Total,61,0,0,18,4,39,5,5,23,5,29,0,2,2
222058 Total,7,0,0,4,1,2,0,0,4,1,2,0,0,0
222059 Total,1,0,0,0,0,1,0,0,0,0,1,0,0,0
222067 Total,6,0,1,1,3,1,0,0,1,0,4,0,0,0
222068 Total,1,0,0,0,1,0,0,0,0,0,0,0,1,0
222070 Total,20,0,0,1,0,18,0,0,1,0,19,0,0,1
222075 Total,14,0,0,2,0,10,0,2,4,1,5,0,1,1
222085 Total,49,0,0,3,0,45,1,1,1,0,48,0,1,1
222088 Total,25,0,0,0,0,24,0,2,1,0,23,0,1,1
222090 Total,1,0,0,0,0,1,0,0,0,0,1,0,0,0
222095 Total,18,0,0,0,0,17,0,0,0,0,17,0,1,1
222100 Total,18,0,0,0,0,18,0,3,0,0,16,0,0,0
222105 Total,17,0,0,0,1,16,1,0,0,0,17,0,0,0
222120 Total,4,0,0,0,0,4,0,0,0,0,4,0,0,0
222123 Total,36,0,1,1,0,31,1,1,8,0,24,0,1,2
222125 Total,20,0,0,1,2,17,1,1,0,0,16,0,0,0
222130 Total,23,0,0,2,1,20,0,2,1,0,21,0,0,0
222135 Total,20,0,0,0,0,19,1,1,0,0,20,0,0,0
222137 Total,15,0,0,0,0,15,0,0,3,0,15,0,0,0
222145 Total,21,0,0,2,2,17,0,0,0,0,18,0,0,1
222147 Total,17,0,0,1,0,15,0,0,1,0,16,0,0,0
222150 Total,3,0,0,0,0,3,0,1,0,0,2,0,0,0
222152 Total,15,0,0,0,0,14,0,0,0,0,14,0,1,1
222153 Total,18,0,1,0,0,15,0,1,2,0,14,0,1,2
222154 Total,49,0,0,0,2,47,0,2,0,0,46,0,0,0
222155 Total,13,0,0,0,1,12,0,0,0,0,13,0,0,0
222170 Total,22,0,0,0,3,19,0,3,1,1,17,0,1,0
222171 Total,22,0,0,3,8,13,1,1,0,0,14,0,2,0
222172 Total,10,0,0,0,0,9,1,2,0,0,10,0,0,1
222175 Total,19,0,0,0,1,17,0,1,1,0,17,0,0,1
222190 Total,6,0,0,0,0,5,0,2,1,0,2,0,1,1
222197 Total,4,0,0,0,0,4,0,0,0,0,4,0,0,0
222212 Total,31,0,0,0,5,25,2,3,5,0,20,1,0,0
222215 Total,31,0,0,1,2,28,1,1,0,0,30,0,0,0
222220 Total,8,0,1,1,1,5,0,1,1,0,7,0,0,0
222225 Total,14,0,0,0,0,14,1,0,0,0,14,0,0,0
222250 Total,14,0,0,0,1,12,0,0,0,0,12,0,1,1
222255 Total,15,0,0,0,0,15,0,7,0,0,9,0,0,0
222260 Total,9,0,0,0,0,9,0,0,1,0,8,0,0,0
222275 Total,1,0,0,0,0,1,0,0,0,0,1,0,0,0
222285 Total,26,0,0,1,1,23,0,6,4,0,15,0,2,1
222297 Total,31,0,1,0,1,29,1,8,3,0,19,0,2,0
222299 Total,2,0,0,0,0,2,0,1,0,0,1,0,0,0
222300 Total,21,0,0,0,0,21,0,11,0,0,11,0,0,0
222307 Total,5,0,0,0,0,4,0,0,0,0,4,0,1,1
222320 Total,8,0,0,0,0,8,0,0,0,0,8,0,0,0
222325 Total,8,0,0,1,0,7,0,1,0,0,5,0,0,0
222328 Total,157,0,2,10,5,137,5,9,8,0,137,0,1,1
222329 Total,1,0,0,0,1,0,0,0,0,0,1,0,0,0
222330 Total,7,0,0,3,0,3,0,1,0,3,2,0,1,1
222333 Total,10,0,0,0,0,8,0,0,0,0,10,0,0,0
222335 Total,32,0,0,0,1,30,0,6,1,0,24,0,1,0
222340 Total,12,0,0,0,0,12,0,0,1,0,11,0,0,0
222342 Total,13,0,0,0,1,12,0,0,0,0,13,0,0,0
222344 Total,1,0,0,0,0,1,0,0,0,0,1,0,0,0
222350 Total,7,0,0,0,1,6,0,2,2,0,3,0,0,0
222355 Total,8,0,0,0,1,7,0,0,2,0,6,0,0,0
222360 Total,18,0,0,0,0,18,0,2,2,0,15,0,0,0
222363 Total,17,1,0,0,0,16,0,2,2,0,13,0,0,0
222370 Total,129,0,2,17,10,102,2,12,10,3,95,0,2,1
222375 Total,30,0,0,0,0,29,0,0,2,0,27,0,1,1
222376 Total,1,0,0,0,0,1,0,0,0,0,1,0,0,0
222378 Total,15,0,0,0,1,14,0,0,3,0,11,0,1,0
222381 Total,1,0,0,0,0,1,0,0,1,0,0,0,0,0
222385 Total,8,0,0,0,0,8,0,0,0,0,8,0,0,0
222392 Total,5,0,0,0,0,5,0,2,0,0,3,0,0,0
222395 Total,24,0,0,0,3,21,1,0,0,0,23,0,0,0
222398 Total,142,0,0,7,2,127,3,8,8,1,124,0,4,6
222400 Total,49,0,0,0,3,46,0,18,2,0,29,0,0,0
222410 Total,3,0,1,0,0,2,0,0,0,0,2,0,0,0
222415 Total,51,0,1,0,2,47,0,3,0,0,48,0,1,1
222420 Total,27,0,1,1,2,19,0,3,0,0,23,0,3,3
222425 Total,3,0,0,0,0,3,0,0,0,0,3,0,0,0
222428 Total,7,0,0,0,1,6,1,1,0,0,6,0,0,0
222440 Total,26,0,0,0,3,22,1,3,0,0,17,0,4,1
222445 Total,23,0,1,0,3,17,1,0,0,0,22,0,0,1
222457 Total,34,0,0,0,1,32,0,3,0,0,31,0,1,1
222458 Total,5,0,1,1,0,2,0,2,0,0,2,0,1,0
222460 Total,6,0,0,0,0,6,0,0,0,0,6,0,0,0
222462 Total,11,0,0,2,0,9,0,2,3,0,6,0,1,0
222480 Total,5,0,0,0,0,5,0,0,0,0,5,0,0,0
222482 Total,25,1,0,2,8,13,1,1,6,1,15,0,0,1
222492 Total,37,0,0,1,4,27,1,2,7,0,26,0,0,4
222500 Total,12,0,0,1,1,9,1,5,2,0,4,0,1,1
222504 Total,14,0,0,1,1,12,1,6,0,0,7,0,0,0
222505 Total,23,0,0,4,6,12,0,4,9,0,5,0,0,0
222515 Total,17,0,0,0,1,15,0,2,0,0,15,0,1,1
222519 Total,1,0,0,0,0,1,0,1,0,0,1,0,0,0
222520 Total,1,0,0,0,0,0,0,0,0,0,0,0,1,1
222525 Total,6,0,0,0,0,5,0,1,0,0,4,0,1,1
222534 Total,4,0,1,0,1,2,0,1,1,0,1,0,1,0
222535 Total,27,0,0,3,2,20,1,7,9,0,9,0,1,2
222545 Total,9,0,0,0,1,8,0,4,1,0,4,0,0,0
222550 Total,27,0,0,3,4,19,0,1,8,1,16,0,1,0
222562 Total,42,0,0,0,0,41,1,2,1,0,39,0,0,1
230013 Total,1,0,0,0,0,1,0,1,0,0,0,0,0,0
232835 Total,1,0,0,0,0,1,0,0,0,0,1,0,0,0
252825 Total,1,0,0,0,0,1,0,1,0,0,1,0,0,0
263300 Total,1,0,0,0,0,1,0,0,1,0,0,0,0,0
290145 Total,1,0,1,0,0,0,0,0,0,0,0,0,0,0
300002 Total,7,0,1,0,0,4,0,0,2,0,4,0,0,0
300012 Total,95,0,0,0,2,90,1,4,0,0,89,0,0,3
300015 Total,1,0,0,0,0,1,0,0,0,0,0,0,1,0
300041 Total,6,0,0,1,1,3,1,2,1,0,4,0,0,0
300044 Total,202,1,0,5,3,185,2,17,4,1,181,0,2,5
300059 Total,93,0,1,0,2,88,1,3,1,0,87,0,0,1
300065 Total,1,0,0,0,0,0,0,0,0,0,0,0,1,1
300091 Total,1,0,0,0,0,1,0,0,0,0,1,0,0,0
300104 Total,11,0,0,0,0,10,1,3,0,0,7,0,1,1
300105 Total,46,0,1,2,2,37,2,8,0,0,34,0,0,4
300110 Total,66,1,3,2,7,53,0,10,15,0,39,0,2,1
300113 Total,1,0,0,0,0,1,0,0,0,0,1,0,0,0
300115 Total,170,0,1,0,2,159,2,17,10,0,144,0,0,2
300118 Total,2,0,0,0,0,2,0,1,0,0,1,0,0,0
300120 Total,32,0,0,0,0,31,1,0,0,0,31,0,0,0
300125 Total,1,0,0,0,0,1,0,0,0,0,1,0,0,0
300130 Total,265,1,1,0,10,236,4,12,5,1,238,0,2,13
300134 Total,6,0,0,0,0,5,0,1,0,0,5,0,0,1
300135 Total,133,2,0,1,3,119,3,11,8,1,114,0,1,6
300137 Total,6,0,0,0,0,5,0,0,0,0,6,0,0,0
300138 Total,13,0,0,0,0,8,2,0,0,0,10,0,0,4
300143 Total,72,0,1,1,2,67,0,13,0,0,58,0,3,0
300150 Total,102,0,0,1,1,98,1,2,0,0,98,0,0,1
300175 Total,37,0,0,1,1,31,1,1,0,0,33,0,0,3
300180 Total,220,2,0,0,5,195,1,10,1,0,199,0,5,9
300182 Total,4,0,0,0,0,3,0,0,0,0,4,0,0,0
300185 Total,100,1,1,1,8,86,2,18,19,2,65,0,3,2
300188 Total,21,0,0,0,0,14,1,1,0,0,13,0,2,6
300210 Total,135,0,0,1,4,125,2,3,5,0,128,0,0,0
300220 Total,1,0,0,0,0,1,0,0,0,0,1,0,0,0
300245 Total,127,0,0,2,3,112,4,4,3,1,111,0,0,6
300275 Total,120,1,0,1,2,112,3,9,0,0,107,0,1,4
300280 Total,145,0,1,3,7,124,3,9,1,0,121,0,0,9
300300 Total,80,1,1,1,2,72,4,1,1,0,75,0,0,2
300337 Total,52,0,0,1,1,49,0,1,1,0,49,0,0,1
300347 Total,186,1,0,4,6,173,3,9,3,1,172,0,1,2
300350 Total,4,1,0,0,0,3,0,0,0,0,4,0,0,0
300355 Total,134,0,5,4,7,107,3,14,12,0,96,0,0,4
300358 Total,10,0,1,0,0,9,0,0,0,0,10,0,0,0
300360 Total,60,0,2,3,2,49,2,3,9,0,46,0,0,1
300362 Total,63,1,0,0,1,61,0,5,2,0,55,0,0,0
300366 Total,116,0,5,6,11,93,3,15,5,1,89,0,0,2
300374 Total,29,0,2,2,2,22,2,0,2,0,26,0,0,0
300400 Total,3,0,1,1,0,1,0,1,0,0,1,0,0,0
300405 Total,97,0,2,1,2,89,3,2,0,0,88,0,1,3
300406 Total,12,0,0,0,2,10,0,0,1,0,11,0,0,0
300410 Total,101,0,2,1,9,83,1,4,4,0,90,0,1,3
300418 Total,86,0,0,1,4,76,0,15,3,0,71,0,1,2
300422 Total,1,0,0,0,0,0,0,0,0,0,0,0,0,1
300429 Total,6,0,0,0,0,6,0,0,0,0,6,0,0,0
300430 Total,188,0,7,6,16,151,4,15,12,1,153,0,0,10
300431 Total,171,0,3,6,14,135,2,32,10,1,123,0,0,13
300440 Total,1,0,0,0,0,1,0,0,0,0,1,0,0,0
300455 Total,4,0,0,1,0,3,0,1,0,0,3,0,0,0
300470 Total,68,0,1,1,1,61,1,1,0,0,64,0,0,4
300482 Total,74,0,0,1,1,70,0,0,1,0,72,0,0,2
300484 Total,1,0,0,0,0,0,0,0,0,0,0,0,0,1
300485 Total,107,0,0,3,5,87,8,7,0,1,85,0,0,9
300508 Total,87,0,1,3,2,78,0,0,0,0,84,0,0,2
300520 Total,144,1,4,1,7,129,4,7,7,0,132,0,0,1
300521 Total,33,0,0,1,0,31,0,10,1,0,22,0,0,1
300525 Total,40,0,0,0,3,32,1,0,0,0,36,0,1,3
300550 Total,147,0,0,6,10,121,4,7,5,0,124,0,1,8
300555 Total,46,0,0,1,2,38,0,6,4,0,35,0,0,5
300558 Total,4,0,0,0,0,4,0,1,0,0,3,0,0,0
300565 Total,69,0,0,0,1,62,2,2,4,0,62,0,1,5
300580 Total,1,0,0,0,0,1,0,0,0,0,1,0,0,0
300605 Total,99,0,0,0,0,96,2,1,2,0,98,0,0,1
300625 Total,1,0,0,0,0,1,0,0,0,0,1,0,0,0
300634 Total,106,0,2,0,3,94,0,8,1,1,91,0,2,4
300635 Total,1,0,0,0,0,1,0,0,0,0,1,0,0,0
310680 Total,1,0,0,0,0,1,0,0,0,0,1,0,0,0
331016 Total,1,0,0,0,0,1,0,1,1,0,0,0,0,0
331095 Total,1,0,0,0,0,1,1,0,1,0,1,0,0,0
333350 Total,2,0,0,0,0,2,0,0,0,0,2,0,0,0
333464 Total,1,0,0,0,0,1,0,0,0,0,1,0,0,0
333890 Total,1,0,0,0,0,1,0,0,0,0,1,0,0,0
335930 Total,13,0,1,0,0,12,0,0,0,0,12,0,0,0
340661 Total,1,0,0,0,0,1,0,1,0,0,0,0,0,0
360785 Total,1,0,0,0,0,1,0,0,0,0,1,0,0,0
390363 Total,3,0,0,0,0,3,0,0,0,0,3,0,0,0
391920 Total,1,0,0,0,0,1,0,0,1,0,0,0,0,0
395230 Total,1,0,0,0,1,0,0,0,0,0,1,0,0,0
400001 Total,16,0,0,1,6,4,3,2,7,0,6,0,0,0
400006 Total,24,0,1,2,13,5,0,1,8,0,8,0,1,0
400012 Total,15,0,1,2,4,5,1,0,6,1,10,0,0,0
400028 Total,1,0,0,0,0,1,0,0,0,0,1,0,0,0
400031 Total,33,0,5,4,10,12,2,0,6,0,19,0,1,0
400034 Total,5,0,0,0,0,3,0,0,0,0,5,0,0,0
400035 Total,166,0,2,3,14,110,7,25,21,4,117,0,3,0
400036 Total,184,2,2,0,6,166,6,10,8,3,166,0,0,0
400037 Total,189,0,0,1,9,172,6,7,12,2,175,0,0,0
400039 Total,1,0,0,0,0,0,0,0,0,0,0,0,0,1
400045 Total,7,0,0,0,0,7,0,4,1,0,2,0,0,0
400050 Total,151,0,0,4,3,140,4,4,30,3,126,0,1,0
400053 Total,73,0,0,0,1,71,1,1,2,0,70,0,0,1
400055 Total,116,0,0,1,0,111,1,1,2,0,113,0,0,0
400057 Total,88,0,1,5,4,43,2,1,21,3,63,0,1,0
400058 Total,91,0,0,0,7,69,0,8,7,0,77,0,0,0
400059 Total,124,0,0,0,9,113,0,6,6,1,110,0,0,0
400060 Total,1,0,0,1,1,0,0,0,0,0,1,0,0,0
400090 Total,102,1,0,1,11,83,5,6,17,0,73,0,1,1
400093 Total,94,1,0,0,2,89,0,6,2,0,85,0,1,1
400095 Total,46,0,0,0,1,44,0,1,2,0,43,0,1,0
400100 Total,48,0,0,2,3,20,6,1,10,0,29,0,0,0
400110 Total,91,1,1,4,17,67,1,6,18,0,60,0,3,1
400115 Total,52,1,0,2,9,31,4,2,17,1,32,0,0,0
400125 Total,29,0,0,2,0,25,2,1,17,0,7,0,0,0
400128 Total,1,0,0,0,0,1,0,1,0,0,0,0,0,0
400130 Total,2,0,0,0,0,2,0,1,0,0,1,0,0,0
400141 Total,27,0,0,1,1,16,0,1,11,0,14,0,0,0
400142 Total,52,0,0,5,14,16,14,8,14,1,18,0,0,0
400144 Total,17,0,0,0,3,7,3,1,10,1,7,0,0,0
400145 Total,62,0,0,3,29,18,8,7,24,2,19,0,2,0
400146 Total,16,0,0,0,2,2,9,0,7,0,11,0,0,0
400147 Total,11,0,0,3,8,2,0,0,3,0,2,0,0,0
400148 Total,7,0,0,0,0,5,0,0,3,1,4,0,0,0
400150 Total,199,0,6,12,71,97,15,20,81,3,65,0,5,0
400155 Total,21,0,0,1,5,11,3,0,10,1,7,0,0,0
400157 Total,30,0,1,2,6,16,7,0,18,0,11,0,0,0
400160 Total,232,1,2,5,18,201,4,21,16,2,190,0,4,3
400165 Total,18,0,0,0,3,15,1,5,2,0,12,0,0,0
400166 Total,12,0,0,0,0,8,1,0,6,0,7,0,0,0
400170 Total,38,1,0,2,3,32,1,4,6,0,25,0,2,1
400171 Total,1,0,1,0,1,0,0,0,0,0,0,0,0,0
400172 Total,11,0,0,2,2,7,2,1,5,1,5,0,1,0
400180 Total,40,0,0,0,4,36,1,2,4,0,34,0,0,0
400183 Total,24,0,0,5,17,1,4,2,5,1,5,0,1,1
400185 Total,26,0,0,3,7,7,7,4,8,0,10,0,0,0
400187 Total,5,0,0,0,0,5,0,0,0,0,5,0,0,0
400188 Total,4,0,0,0,1,3,0,0,0,0,4,0,0,0
400210 Total,11,0,0,0,0,5,0,1,3,1,8,0,0,0
400215 Total,63,0,1,1,2,57,2,17,2,0,39,0,3,2
400237 Total,134,0,0,1,2,125,1,7,4,2,123,0,0,0
400238 Total,136,0,1,4,12,111,3,16,17,5,104,0,4,6
400239 Total,183,2,0,2,4,166,4,6,7,1,171,0,1,1
400250 Total,4,0,0,1,1,2,0,0,3,0,1,0,0,0
400265 Total,105,0,1,0,0,90,3,5,9,0,93,0,0,0
400282 Total,30,0,1,0,1,25,3,1,4,1,24,0,0,1
400285 Total,52,1,0,0,0,48,1,8,1,0,41,0,3,3
400287 Total,71,1,0,0,1,66,0,3,3,0,68,0,1,0
400295 Total,131,0,1,5,10,93,1,14,32,0,97,0,1,0
400360 Total,17,0,1,1,5,5,5,0,7,1,7,0,2,0
400969 Total,19,0,0,1,1,12,0,0,6,0,14,0,0,0
460005 Total,12,0,0,0,0,12,0,0,1,0,12,0,0,0
460012 Total,2,0,0,0,0,2,0,0,0,0,2,0,0,0
460029 Total,5,0,0,0,0,5,0,3,0,0,2,0,0,0
460030 Total,76,1,4,4,2,66,3,2,1,0,72,0,1,0
460050 Total,33,0,0,0,1,30,3,0,0,0,31,0,0,1
460055 Total,81,0,2,0,1,77,1,7,4,0,76,0,0,0
460065 Total,45,0,1,2,1,41,0,2,0,0,44,0,1,1
460078 Total,63,0,0,0,4,58,3,3,2,0,58,0,0,0
460080 Total,3,0,1,0,1,1,2,0,0,0,2,0,0,0
460085 Total,88,0,1,1,5,80,2,9,10,0,68,0,2,1
460087 Total,1,0,0,0,0,0,0,1,0,0,0,0,0,1
460099 Total,4,0,0,0,0,4,0,1,0,0,3,0,0,0
460105 Total,31,0,1,0,0,30,0,0,1,0,31,0,0,0
460126 Total,15,0,0,0,1,14,1,2,1,0,11,0,0,0
460134 Total,4,0,0,0,1,3,0,0,0,0,4,0,0,0
460135 Total,161,1,0,1,5,151,4,12,7,1,141,0,2,3
460145 Total,41,0,0,0,1,39,4,2,0,1,40,0,0,0
460175 Total,131,1,2,0,2,123,4,4,3,0,126,0,0,2
460205 Total,84,0,1,0,0,78,1,1,3,0,80,0,2,5
460213 Total,6,0,0,1,0,5,0,0,0,0,6,0,0,0
460215 Total,13,0,0,0,0,11,0,0,0,1,12,0,0,1
460240 Total,49,0,1,0,0,46,1,5,3,0,43,0,0,1
460250 Total,47,0,1,0,0,45,4,2,2,0,41,0,0,1
460296 Total,16,0,0,0,1,14,0,0,0,0,16,0,0,0
460330 Total,7,0,0,0,0,7,1,0,1,0,6,0,0,0
460335 Total,9,0,0,0,0,8,0,0,0,0,8,0,0,1
460340 Total,26,0,0,0,2,24,0,6,3,0,19,0,0,0
460375 Total,16,0,0,0,0,16,0,2,1,0,14,0,0,0
460376 Total,1,0,0,0,0,1,0,0,0,0,1,0,0,0
460377 Total,114,1,2,2,1,108,1,2,4,0,110,0,0,0
460378 Total,1,0,0,0,0,1,0,0,0,0,1,0,0,0
460405 Total,30,0,0,0,3,27,0,10,0,0,18,0,2,0
460413 Total,90,0,2,0,2,81,1,6,6,0,75,0,2,5
460417 Total,8,0,0,0,1,7,0,0,0,0,7,0,0,0
460430 Total,28,0,0,0,0,26,1,0,0,0,26,0,0,0
460443 Total,8,0,0,0,0,8,0,0,0,0,8,0,0,0
460460 Total,35,0,1,0,0,33,0,1,0,0,33,0,1,1
460474 Total,3,0,0,0,0,3,0,0,0,0,3,0,0,0
460485 Total,10,0,0,0,0,10,0,0,0,0,10,0,0,0
460503 Total,2,0,0,0,0,2,0,0,0,0,2,0,0,0
460505 Total,4,0,0,0,0,4,0,1,0,0,3,0,0,0
460510 Total,21,0,0,0,0,20,1,0,1,0,20,0,0,1
460515 Total,14,0,0,0,0,14,0,4,4,0,7,0,0,0
470902 Total,1,0,0,0,0,1,0,0,0,0,1,0,0,0
471067 Total,1,0,0,0,0,1,0,0,0,0,1,0,0,0
480385 Total,1,0,0,0,1,0,0,0,0,0,0,0,0,0
481292 Total,1,0,0,0,0,1,0,0,0,0,1,0,0,0
675400 Total,1,0,0,0,0,1,0,0,0,0,1,0,0,0
680400 Total,1,0,0,0,0,1,0,0,0,0,1,0,0,0
692103 Total,1,0,0,0,0,1,0,1,0,0,0,0,0,0
692149 Total,1,0,0,0,0,1,0,0,0,0,1,0,0,0
696040 Total,1,0,0,0,0,1,0,0,0,0,0,0,1,0
696070 Total,1,0,0,0,0,1,0,0,0,0,1,0,0,0
696461 Total,1,0,0,0,0,1,0,0,0,0,1,0,0,0
731845 Total,1,0,0,0,1,0,0,0,0,0,1,0,0,0
748160 Total,1,0,0,0,0,1,0,1,0,0,0,0,0,0
789151 Total,1,0,0,0,0,1,0,0,0,0,1,0,0,0
792150 Total,1,0,0,0,0,1,0,0,1,0,0,0,0,0
854264 Total,1,0,0,0,1,0,0,0,0,0,1,0,0,0
970000 Total,72,0,0,2,3,64,0,3,2,0,60,0,5,3
990399 Total,1,0,0,0,0,1,0,0,0,0,1,0,0,0
990799 Total,3,0,0,0,0,3,0,0,0,0,3,0,0,0
992099 Total,2,0,0,0,0,2,0,0,0,0,2,0,0,0
992299 Total,4,0,0,0,0,4,0,0,0,0,4,0,0,0
993099 Total,3,0,0,0,0,2,1,0,0,0,3,0,0,0
993999 Total,1,0,0,0,0,1,0,0,0,0,1,0,0,0
994099 Total,3,0,0,0,0,3,1,0,1,0,2,0,0,0
994699 Total,1,0,0,0,0,1,0,0,0,0,1,0,0,0
No HS Code Total,4,0,0,1,1,2,0,0,0,0,4,0,0,0
Grand Total,36202,139,388,1248,3565,29015,795,3032,3884,211,28254,1,549,608